Start Date,End Date,Num,Default Ordering,NorthSide,FarNorthSide,FarSoutheastSide,SouthSide,CentralChicago,FarSouthwestSide,SouthwestSide,WestSide,NorthwestSide,Original Model Ordering,NorthSide,FarNorthSide,FarSoutheastSide,SouthSide,CentralChicago,FarSouthwestSide,SouthwestSide,WestSide,NorthwestSide,In-cluster Ordering,NorthSide,FarNorthSide,FarSoutheastSide,SouthSide,CentralChicago,FarSouthwestSide,SouthwestSide,WestSide,NorthwestSide,No-Sanitarian Model Overall,NorthSide,FarNorthSide,FarSoutheastSide,SouthSide,CentralChicago,FarSouthwestSide,SouthwestSide,WestSide,NorthwestSide,Suppressed Sanitarian Model,NorthSide,FarNorthSide,FarSoutheastSide,SouthSide,CentralChicago,FarSouthwestSide,SouthwestSide,WestSide,NorthwestSide,Baseline Fairlogloss Model-DP-Overall-SanMaj,NorthSide,FarNorthSide,FarSoutheastSide,SouthSide,CentralChicago,FarSouthwestSide,SouthwestSide,WestSide,NorthwestSide,Baseline Fairlogloss Model-DP-Overall-SanMaj-C0.001,NorthSide,FarNorthSide,FarSoutheastSide,SouthSide,CentralChicago,FarSouthwestSide,SouthwestSide,WestSide,NorthwestSide,Baseline Fairlogloss Model-DP-Overall-SanMaj-C0.005,NorthSide,FarNorthSide,FarSoutheastSide,SouthSide,CentralChicago,FarSouthwestSide,SouthwestSide,WestSide,NorthwestSide,Baseline Fairlogloss Model-DP-Overall-SanMaj-C0.01,NorthSide,FarNorthSide,FarSoutheastSide,SouthSide,CentralChicago,FarSouthwestSide,SouthwestSide,WestSide,NorthwestSide,Baseline Fairlogloss Model-DP-Overall-SanMaj-C0.05,NorthSide,FarNorthSide,FarSoutheastSide,SouthSide,CentralChicago,FarSouthwestSide,SouthwestSide,WestSide,NorthwestSide,Baseline Fairlogloss Model-DP-Overall-SanMaj-C0.1,NorthSide,FarNorthSide,FarSoutheastSide,SouthSide,CentralChicago,FarSouthwestSide,SouthwestSide,WestSide,NorthwestSide,Baseline Fairlogloss Model-DP-Overall-SanMaj-C0.2,NorthSide,FarNorthSide,FarSoutheastSide,SouthSide,CentralChicago,FarSouthwestSide,SouthwestSide,WestSide,NorthwestSide,Baseline Fairlogloss Model-DP-Overall-SanMaj-C0.3,NorthSide,FarNorthSide,FarSoutheastSide,SouthSide,CentralChicago,FarSouthwestSide,SouthwestSide,WestSide,NorthwestSide,Baseline Fairlogloss Model-DP-Overall-SanMaj-C0.4,NorthSide,FarNorthSide,FarSoutheastSide,SouthSide,CentralChicago,FarSouthwestSide,SouthwestSide,WestSide,NorthwestSide,Baseline Fairlogloss Model-DP-Overall-SanMaj-C0.5,NorthSide,FarNorthSide,FarSoutheastSide,SouthSide,CentralChicago,FarSouthwestSide,SouthwestSide,WestSide,NorthwestSide,Baseline Fairlogloss Model-EqOpp-Overall-SanMaj,NorthSide,FarNorthSide,FarSoutheastSide,SouthSide,CentralChicago,FarSouthwestSide,SouthwestSide,WestSide,NorthwestSide,Baseline Fairlogloss Model-EqOpp-Overall-SanMaj-C0.001,NorthSide,FarNorthSide,FarSoutheastSide,SouthSide,CentralChicago,FarSouthwestSide,SouthwestSide,WestSide,NorthwestSide,Baseline Fairlogloss Model-EqOpp-Overall-SanMaj-C0.005,NorthSide,FarNorthSide,FarSoutheastSide,SouthSide,CentralChicago,FarSouthwestSide,SouthwestSide,WestSide,NorthwestSide,Baseline Fairlogloss Model-EqOpp-Overall-SanMaj-C0.01,NorthSide,FarNorthSide,FarSoutheastSide,SouthSide,CentralChicago,FarSouthwestSide,SouthwestSide,WestSide,NorthwestSide,Baseline Fairlogloss Model-EqOpp-Overall-SanMaj-C0.05,NorthSide,FarNorthSide,FarSoutheastSide,SouthSide,CentralChicago,FarSouthwestSide,SouthwestSide,WestSide,NorthwestSide,Baseline Fairlogloss Model-EqOpp-Overall-SanMaj-C0.1,NorthSide,FarNorthSide,FarSoutheastSide,SouthSide,CentralChicago,FarSouthwestSide,SouthwestSide,WestSide,NorthwestSide,Baseline Fairlogloss Model-EqOpp-Overall-SanMaj-C0.2,NorthSide,FarNorthSide,FarSoutheastSide,SouthSide,CentralChicago,FarSouthwestSide,SouthwestSide,WestSide,NorthwestSide,Baseline Fairlogloss Model-EqOpp-Overall-SanMaj-C0.3,NorthSide,FarNorthSide,FarSoutheastSide,SouthSide,CentralChicago,FarSouthwestSide,SouthwestSide,WestSide,NorthwestSide,Baseline Fairlogloss Model-EqOpp-Overall-SanMaj-C0.4,NorthSide,FarNorthSide,FarSoutheastSide,SouthSide,CentralChicago,FarSouthwestSide,SouthwestSide,WestSide,NorthwestSide,Baseline Fairlogloss Model-EqOpp-Overall-SanMaj-C0.5,NorthSide,FarNorthSide,FarSoutheastSide,SouthSide,CentralChicago,FarSouthwestSide,SouthwestSide,WestSide,NorthwestSide,Baseline Fairlogloss Model-EqOdd-Overall-SanMaj,NorthSide,FarNorthSide,FarSoutheastSide,SouthSide,CentralChicago,FarSouthwestSide,SouthwestSide,WestSide,NorthwestSide,Baseline Zafar c0.0,NorthSide,FarNorthSide,FarSoutheastSide,SouthSide,CentralChicago,FarSouthwestSide,SouthwestSide,WestSide,NorthwestSide,Baseline Zafar c1e-06,NorthSide,FarNorthSide,FarSoutheastSide,SouthSide,CentralChicago,FarSouthwestSide,SouthwestSide,WestSide,NorthwestSide,Baseline Zafar c0.001,NorthSide,FarNorthSide,FarSoutheastSide,SouthSide,CentralChicago,FarSouthwestSide,SouthwestSide,WestSide,NorthwestSide,Baseline Zafar c0.01,NorthSide,FarNorthSide,FarSoutheastSide,SouthSide,CentralChicago,FarSouthwestSide,SouthwestSide,WestSide,NorthwestSide,Baseline Zafar c0.1,NorthSide,FarNorthSide,FarSoutheastSide,SouthSide,CentralChicago,FarSouthwestSide,SouthwestSide,WestSide,NorthwestSide,Baseline Krishnaswamy Preds,NorthSide,FarNorthSide,FarSoutheastSide,SouthSide,CentralChicago,FarSouthwestSide,SouthwestSide,WestSide,NorthwestSide,Baseline Feldman 0.1,NorthSide,FarNorthSide,FarSoutheastSide,SouthSide,CentralChicago,FarSouthwestSide,SouthwestSide,WestSide,NorthwestSide,Baseline Feldman 0.2,NorthSide,FarNorthSide,FarSoutheastSide,SouthSide,CentralChicago,FarSouthwestSide,SouthwestSide,WestSide,NorthwestSide,Baseline Feldman 0.3,NorthSide,FarNorthSide,FarSoutheastSide,SouthSide,CentralChicago,FarSouthwestSide,SouthwestSide,WestSide,NorthwestSide,Baseline Feldman 0.4,NorthSide,FarNorthSide,FarSoutheastSide,SouthSide,CentralChicago,FarSouthwestSide,SouthwestSide,WestSide,NorthwestSide,Baseline Feldman 0.5,NorthSide,FarNorthSide,FarSoutheastSide,SouthSide,CentralChicago,FarSouthwestSide,SouthwestSide,WestSide,NorthwestSide,Baseline Feldman 0.6,NorthSide,FarNorthSide,FarSoutheastSide,SouthSide,CentralChicago,FarSouthwestSide,SouthwestSide,WestSide,NorthwestSide,Baseline Feldman 0.7,NorthSide,FarNorthSide,FarSoutheastSide,SouthSide,CentralChicago,FarSouthwestSide,SouthwestSide,WestSide,NorthwestSide,Baseline Feldman 0.8,NorthSide,FarNorthSide,FarSoutheastSide,SouthSide,CentralChicago,FarSouthwestSide,SouthwestSide,WestSide,NorthwestSide,Baseline Feldman 0.9,NorthSide,FarNorthSide,FarSoutheastSide,SouthSide,CentralChicago,FarSouthwestSide,SouthwestSide,WestSide,NorthwestSide
2014-09-01,2014-10-31,1665,28.38023,29,30.15,22,15.8125,31.19231,24,32.5,26.33333,35.9,20.79087,15.10638,26.06667,30.75,23.1875,11.46154,32.14286,38,22.4,29.9,26.24335,25.29787,27.78333,39.5,16,16.55769,39.71429,42.83333,31.75,32.1,26.14068,23.70213,28.98333,41.25,14.5,14,44.28571,46.5,31.88333,38.5,25.73764,23.97872,27.75,41,15.5,15.21154,42.14286,44,31.38333,32.3,23.6616,17.02128,22.46667,20.75,18.5,10.94231,58.14286,39.33333,33.11667,49.4,25.327,18,24.98333,33.5,23,14.13462,58.14286,37.83333,33.38333,44,27.39924,19.68085,27.95,30.5,29.3125,27.98077,51.28571,31.16667,28.9,27.6,23.40684,13.65957,22.91667,27,19,12.25,56.42857,39.33333,33.26667,45.7,25.12928,16.02128,21.05,32.25,23.6875,18.09615,56.85714,34.33333,34.68333,45.7,25.69582,19.48936,25.81667,36.75,25.5625,22.21154,51,33.5,28.2,32.5,27.48289,23.97872,30.11667,43,25.875,20.84615,48.85714,35.5,28.8,33.8,28.09125,21.57447,28.81667,44.25,29,29.80769,42.71429,31.16667,28.33333,26,29.18251,23.6383,30.51667,43,26.5,31.42308,47.85714,33,27.71667,29.4,27.9924,23.29787,29.65,42,25.9375,25.42308,50,34.16667,28.4,31.8,21.12167,14.68085,25.48333,32.25,23.1875,10.75,40.28571,39.5,24.01667,31.1,20.98479,14.91489,25.23333,31.25,23.9375,10.96154,37.42857,38.33333,23.63333,30.9,21.06464,14.85106,25.91667,32.75,23.5625,11.21154,37.85714,38,23.16667,30.7,21.43726,14.42553,27.11667,34,23.5,11.76923,39.57143,37.16667,23.26667,31,23.45627,16.2766,29.78333,37.75,21.9375,15.11538,45.71429,36,24.58333,31.5,25.87072,19.19149,30.13333,40,23.8125,21.42308,49.14286,36.16667,26.25,30,27.39544,21.38298,29.85,40.75,23.5,24.59615,51,38,27.98333,32.1,28.59696,23.51064,29.6,41.5,24.3125,27.34615,51.28571,36.83333,29.2,32.3,29.65019,24.91489,29.86667,41.75,24.4375,30.21154,51,36.5,29.88333,32.8,29.86692,25.76596,29.48333,41.25,24.625,31.15385,51.42857,35.83333,29.8,32.7,28.09125,32.85106,20.18333,39.25,26.875,29.92308,38.14286,35,27.5,34.2,26.13308,27.97872,26.55,40.5,21.4375,18.30769,35,31.83333,29.8,27.6,25.94677,29.93617,25.1,38,19.5,17.80769,30.14286,30.83333,30.78333,26.8,25.89734,29.38298,26.68333,35.75,15.375,17.17308,34.28571,34.83333,30.11667,28.1,26.13308,24.38298,29.2,39.5,13.75,14.55769,43.57143,46.66667,31.23333,36.8,26.1597,23.7234,29.11667,41,14.3125,13.94231,44.14286,46.5,31.93333,38.6,26.30798,22.38298,30.58333,32.5,21.1875,18.90385,36.14286,39,28.93333,34.8,26.19011,24.02128,29.13333,40,14.1875,14.25,43.57143,46,31.86667,37.7,26.14829,24.19149,29.16667,40,13.9375,14.5,43.28571,45.66667,31.63333,36.5,26.15589,24.57447,29.13333,39.75,13.75,14.76923,42.85714,45.16667,31.53333,35.3,26.26236,24.85106,29.33333,39.25,13.5,15.17308,42.28571,45,31.48333,34.8,26.29278,25.06383,29.18333,39.25,13.375,15.57692,41.85714,44.83333,31.45,34.2,25.87452,24.44681,29.31667,35.75,12.625,15.59615,41.57143,43,30.53333,35.2,25.86312,24.7234,29.31667,35.5,12.625,15.96154,40.85714,43,30.15,34.5,25.85551,25.04255,29.01667,35.25,12.5,16.44231,40.28571,42.66667,30.03333,33.7,25.77947,25.06383,28.93333,34.5,13,16.75,39.85714,42.66667,29.76667,31.9
2014-07-02,2014-08-31,0,NaN,NA,NA,NA,NA,NA,NA,NA,NA,NA,NaN,NA,NA,NA,NA,NA,NA,NA,NA,NA,NaN,NaN,NaN,NaN,NaN,NaN,NaN,NaN,NaN,NaN,NaN,NA,,,,,,,,,NaN,NA,,,,,,,,,NaN,NA,,,,,,,,,NaN,NA,NA,NA,NA,NA,NA,NA,NA,NA,NaN,NA,NA,NA,NA,NA,NA,NA,NA,NA,NaN,NA,NA,NA,NA,NA,NA,NA,NA,NA,NaN,NA,NA,NA,NA,NA,NA,NA,NA,NA,NaN,NA,NA,NA,NA,NA,NA,NA,NA,NA,NaN,NA,NA,NA,NA,NA,NA,NA,NA,NA,NaN,NA,NA,NA,NA,NA,NA,NA,NA,NA,NaN,NA,NA,NA,NA,NA,NA,NA,NA,NA,NaN,NA,NA,NA,NA,NA,NA,NA,NA,NA,NaN,NA,,,,,,,,,NaN,NA,NA,NA,NA,NA,NA,NA,NA,NA,NaN,NA,NA,NA,NA,NA,NA,NA,NA,NA,NaN,NA,NA,NA,NA,NA,NA,NA,NA,NA,NaN,NA,NA,NA,NA,NA,NA,NA,NA,NA,NaN,NA,NA,NA,NA,NA,NA,NA,NA,NA,NaN,NA,NA,NA,NA,NA,NA,NA,NA,NA,NaN,NA,NA,NA,NA,NA,NA,NA,NA,NA,NaN,NA,NA,NA,NA,NA,NA,NA,NA,NA,NaN,NA,NA,NA,NA,NA,NA,NA,NA,NA,NaN,NA,NA,NA,NA,NA,NA,NA,NA,NA,NaN,NA,NA,NA,NA,NA,NA,NA,NA,NA,NaN,NA,NA,NA,NA,NA,NA,NA,NA,NA,NaN,NA,NA,NA,NA,NA,NA,NA,NA,NA,NaN,NA,NA,NA,NA,NA,NA,NA,NA,NA,NaN,NA,NA,NA,NA,NA,NA,NA,NA,NA,NaN,NA,,,,,,,,,NaN,NA,NA,NA,NA,NA,NA,NA,NA,NA,NaN,NA,NA,NA,NA,NA,NA,NA,NA,NA,NaN,NA,NA,NA,NA,NA,NA,NA,NA,NA,NaN,NA,NA,NA,NA,NA,NA,NA,NA,NA,NaN,NA,NA,NA,NA,NA,NA,NA,NA,NA,NaN,NA,NA,NA,NA,NA,NA,NA,NA,NA,NaN,NA,NA,NA,NA,NA,NA,NA,NA,NA,NaN,NA,NA,NA,NA,NA,NA,NA,NA,NA,NaN,NA,NA,NA,NA,NA,NA,NA,NA,NA
2014-05-02,2014-07-01,0,NaN,NA,NA,NA,NA,NA,NA,NA,NA,NA,NaN,NA,NA,NA,NA,NA,NA,NA,NA,NA,NaN,NaN,NaN,NaN,NaN,NaN,NaN,NaN,NaN,NaN,NaN,NA,,,,,,,,,NaN,NA,,,,,,,,,NaN,NA,,,,,,,,,NaN,NA,NA,NA,NA,NA,NA,NA,NA,NA,NaN,NA,NA,NA,NA,NA,NA,NA,NA,NA,NaN,NA,NA,NA,NA,NA,NA,NA,NA,NA,NaN,NA,NA,NA,NA,NA,NA,NA,NA,NA,NaN,NA,NA,NA,NA,NA,NA,NA,NA,NA,NaN,NA,NA,NA,NA,NA,NA,NA,NA,NA,NaN,NA,NA,NA,NA,NA,NA,NA,NA,NA,NaN,NA,NA,NA,NA,NA,NA,NA,NA,NA,NaN,NA,NA,NA,NA,NA,NA,NA,NA,NA,NaN,NA,,,,,,,,,NaN,NA,NA,NA,NA,NA,NA,NA,NA,NA,NaN,NA,NA,NA,NA,NA,NA,NA,NA,NA,NaN,NA,NA,NA,NA,NA,NA,NA,NA,NA,NaN,NA,NA,NA,NA,NA,NA,NA,NA,NA,NaN,NA,NA,NA,NA,NA,NA,NA,NA,NA,NaN,NA,NA,NA,NA,NA,NA,NA,NA,NA,NaN,NA,NA,NA,NA,NA,NA,NA,NA,NA,NaN,NA,NA,NA,NA,NA,NA,NA,NA,NA,NaN,NA,NA,NA,NA,NA,NA,NA,NA,NA,NaN,NA,NA,NA,NA,NA,NA,NA,NA,NA,NaN,NA,NA,NA,NA,NA,NA,NA,NA,NA,NaN,NA,NA,NA,NA,NA,NA,NA,NA,NA,NaN,NA,NA,NA,NA,NA,NA,NA,NA,NA,NaN,NA,NA,NA,NA,NA,NA,NA,NA,NA,NaN,NA,NA,NA,NA,NA,NA,NA,NA,NA,NaN,NA,,,,,,,,,NaN,NA,NA,NA,NA,NA,NA,NA,NA,NA,NaN,NA,NA,NA,NA,NA,NA,NA,NA,NA,NaN,NA,NA,NA,NA,NA,NA,NA,NA,NA,NaN,NA,NA,NA,NA,NA,NA,NA,NA,NA,NaN,NA,NA,NA,NA,NA,NA,NA,NA,NA,NaN,NA,NA,NA,NA,NA,NA,NA,NA,NA,NaN,NA,NA,NA,NA,NA,NA,NA,NA,NA,NaN,NA,NA,NA,NA,NA,NA,NA,NA,NA,NaN,NA,NA,NA,NA,NA,NA,NA,NA,NA
2014-03-02,2014-05-01,1095,19.90148,17,18.26415,22.125,14.25,23.86957,25.86667,18.88889,16.08108,25.57143,11.75369,13.41667,9.132075,14.5,13.75,7.565217,14.73333,19.66667,15.24324,14.14286,18.85714,10.95833,18.69811,28,17.25,19.28261,17.53333,25.44444,20.40541,21,18.0936,8.041667,17.15094,28.875,12.75,17,21.2,25,20.83784,27.57143,18.28571,10.25,16.81132,27.25,16.25,18.15217,19.86667,25.33333,20.83784,22.85714,13.92118,12.75,8.54717,12.875,11.5,9.5,26.2,12.88889,21.64865,24.42857,19.59113,9.958333,22.11321,26.625,8.25,18.52174,18,23.44444,23.81081,15.14286,18.67488,17.75,22.98113,10.5,3.25,14.52174,22.46667,16.66667,20.67568,18.57143,19.83251,18.875,19.33962,16,2.25,19.08696,26.86667,21.44444,22.13514,16.85714,15.34975,13.125,12.69811,15.125,6.25,10.26087,23.26667,16.55556,23.91892,18.14286,16.78325,12.66667,16.60377,16.625,6,12.82609,22.86667,17.77778,23.2973,15.85714,17.59113,12.75,18.75472,17.375,6,13.82609,22.26667,18.22222,23.43243,15.28571,18.29064,14.33333,20.18868,16.75,5,15,22.33333,17.55556,22.94595,16.14286,19.17241,14.25,21.39623,19.125,5.5,16.84783,22,19.33333,23.18919,14.85714,17.96059,14.45833,20.56604,16.625,7,14.1087,22.46667,17.44444,21.43243,16,12.05911,12.33333,9.264151,13.75,12.75,7.456522,16.93333,19.77778,16.81081,14.71429,11.81773,13.125,8.735849,13.75,13.25,7.565217,15.93333,19.55556,16.02703,14.57143,12.00493,12.54167,9.509434,14.25,12.75,7.456522,16.13333,19.77778,16.2973,14.42857,12.30049,12.375,10.30189,14.625,10.5,7.456522,17.13333,19,16.86486,14.28571,14.74877,10.91667,14.77358,16.125,6.5,9.847826,19.73333,19.66667,20.89189,13.57143,16.33498,11.70833,17.33962,16.375,5.5,11.91304,21.2,19,22.24324,14.71429,17.92611,12.5,19.83019,18,6,13.8913,22.13333,19.55556,23.21622,16.28571,19.02463,13.5,20.83019,18.625,6,16.08696,22.66667,19.66667,24.02703,16.42857,19.66995,14.08333,21.67925,19.375,5.75,17.30435,22.93333,20,24.13514,16.42857,19.73892,14.5,21.79245,18.375,5.75,17.47826,23.06667,20.55556,23.94595,16.14286,14.68966,12.75,10.79245,11.125,12.5,7.913043,27.2,13.66667,23.54054,28.42857,18.48768,20.29167,16.39623,19.75,28.75,15.06522,19.13333,23.33333,21.64865,19,18.47291,20.29167,16.39623,19.75,28.75,15,19.2,23.33333,21.64865,18.85714,17.97537,19,15.66038,19.125,25.25,15.32609,18.4,23.33333,20.97297,20.28571,18.06897,8.541667,17.13208,28,12.5,17.02174,20.8,25.55556,20.7027,27.14286,18.04926,8.041667,17.13208,29,12.75,16.78261,21.26667,25.33333,20.75676,27.57143,21.01478,14.125,20.07547,33.125,16,21.91304,19.8,32.55556,19.89189,28.57143,18.17734,8.375,17.33962,28.875,12.75,17.04348,21,25,20.89189,27.28571,18.25123,8.375,17.50943,28.75,12.75,17.5,20.86667,24.88889,20.62162,27.14286,18.31034,8.583333,17.5283,28.5,13,17.65217,20.53333,25.33333,20.7027,26.85714,18.37438,9.083333,17.62264,28.5,14,17.80435,20.53333,24.88889,20.45946,26.57143,18.36946,9.208333,17.56604,28.375,14,18.15217,20.2,24.33333,20.45946,25.71429,18.18719,9.458333,16.50943,27.25,14,18.36957,21.33333,25.11111,20.40541,24.28571,18.28079,9.75,16.62264,26.75,14,18.71739,20.93333,25.11111,20.48649,23.85714,18.25616,10.08333,16.43396,26.625,14.25,19.04348,20.8,24.88889,20.24324,23.14286,18.32512,10.41667,16.45283,26.375,14.75,19.28261,20.8,25.11111,20.10811,22.71429
2013-12-31,2014-03-01,1313,32.97015,38.16129,30.10417,42.16667,31.5,30.32692,30,44.16667,35.20513,18,22.57214,24.29032,23.72917,23,23.5,13.84615,25.77778,35.66667,27.74359,29.5,27.53731,27.16129,31.91667,28.83333,25.83333,25.38462,29.88889,30.16667,23.71795,34.5,27.34328,23.51613,31.83333,25.16667,19.83333,22.32692,39.11111,38.66667,27.28205,40,27.55721,25.67742,30.39583,24.5,23,23.19231,34.44444,35.33333,28.41026,40.75,28.34826,29.54839,19.27083,23.5,22.83333,15.48077,54.88889,50.83333,44.92308,55.75,28.1194,28.54839,18.58333,20.66667,14.33333,18.44231,54.88889,52.33333,43.02564,55,30.03483,35.64516,27.10417,27.66667,17.33333,22.01923,39.33333,37.83333,37.92308,39,30.00995,31.16129,30.33333,21.83333,9.166667,29.23077,37.44444,41.5,30.33333,33.75,28.60199,29.32258,19.9375,22.33333,14.66667,18.92308,54.11111,48.33333,43.10256,54.75,28.95025,31.41935,26.95833,23.16667,13.5,22.28846,42,40,35.79487,39.5,29.40796,31.83871,29.95833,25.83333,11.16667,23.73077,40.66667,39,32.89744,36.75,30.1791,32.80645,29.875,28.16667,12.5,26.40385,40.22222,38.33333,32.58974,33.75,30.8607,34.64516,28.9375,33,15.5,27.75,38.66667,37.16667,33.61538,31,30.61692,33.16129,33.10417,27.5,13,29.69231,35.66667,34.33333,28.33333,29.5,22.93532,24.12903,23.29167,23.16667,21.33333,13.48077,29.44444,39.83333,29.28205,32.5,22.801,23.74194,23.125,21.83333,23.83333,13.51923,28.66667,38.5,29.23077,32.75,22.8408,24.3871,23.95833,24.5,21.16667,13.25,28.11111,38.16667,28.5641,31.5,22.89552,25.41935,24.8125,24.66667,18.66667,13.44231,27.55556,37.5,27.5641,29,25.33831,28.67742,27.39583,27.66667,12.33333,17.09615,32.77778,37.16667,28.61538,31.5,27.81095,30.48387,30.79167,26.16667,10.66667,21,37.22222,39.33333,29.53846,32.75,29.64677,32.25806,30.625,28.16667,11.33333,24.46154,39.77778,39,31.87179,36.25,30.52736,32.22581,31.35417,28,11.5,27.40385,40.44444,38.16667,31.58974,36.25,30.91542,32.51613,32.35417,30.33333,11.16667,28.21154,40,38.16667,30.97436,35,31.1791,32.90323,31.52083,29,12.33333,29.30769,40.55556,39.66667,31.15385,36,27.69652,27.54839,18.375,21.83333,22.33333,16.40385,52,53,43.71795,55.5,29.76617,33.35484,26.27083,30.16667,44.16667,21.80769,24,31,38.97436,46.5,29.53731,32.77419,25.9375,30.66667,43.83333,21.71154,23.88889,31.16667,38.84615,45.75,29.0398,32.19355,27.27083,28.5,35.33333,21.55769,25.55556,31.5,36.02564,50.5,27.41791,23.74194,31.85417,24.5,20.33333,22.65385,38.77778,38.5,27.15385,40,27.36318,23.6129,31.64583,25.5,19.83333,22.26923,39,38.66667,27.58974,40,28.54229,24.6129,32.3125,22.66667,26.83333,26.63462,33.11111,32.5,28.07692,38.25,27.54726,23.87097,31.9375,25.16667,20.66667,22.69231,38.77778,38.5,27.41026,40,27.66169,24.3871,32.08333,24.5,21,23.03846,38.77778,36.83333,27.25641,40,27.74129,24.3871,32.125,23.83333,20.5,23.46154,38.44444,36.5,27.25641,41,27.76617,24.83871,31.91667,23.66667,21,23.51923,38,36.5,27.35897,40,27.87562,25.25806,31.77083,23.66667,21,23.88462,37.55556,36.16667,27.46154,39.75,27.81592,25.32258,30.6875,24.5,19.5,23.44231,35.55556,38.33333,28.69231,45.25,27.85572,25.64516,30.66667,24,20.66667,23.55769,35,37.5,28.69231,45,27.97015,26.19355,30.41667,24.5,21.16667,23.90385,34,37,28.82051,45.25,28.02985,26.48387,30.125,23.33333,21.5,24.28846,33.44444,36.83333,29.02564,45.25
2013-10-31,2013-12-30,1124,28.92157,32.26667,20.0625,24.76923,29.66667,32.34483,31.2,37.57143,27.07692,25,17.14706,17.33333,7.625,9.846154,6.333333,19.31034,11.8,10.85714,37.38462,39,23.96078,35.53333,17.125,21.38462,29,22.44828,27,26.42857,22,15,22.02941,24.06667,15.5,18.07692,18.33333,22.48276,23.6,29.42857,27.07692,20,22.4902,33.33333,14.6875,19.61538,25,22.37931,23,24.85714,20.84615,20,21.19608,24.93333,12.0625,29,11.33333,16.86207,22.4,35.42857,22.69231,40,20.5,19.66667,12.8125,27.92308,7.666667,20.93103,13.4,26.14286,23.69231,40,29.34314,24,33.5625,38.61538,51.66667,21.37931,37.8,39,26.30769,15,21.12745,18.26667,17.5625,20.69231,18.66667,23.96552,10.6,27.28571,24.15385,22,21.96078,25.46667,15.875,27.76923,15,21.48276,18,28.14286,21.69231,6,22.22549,27.33333,19.4375,22.92308,20.66667,20.17241,19,24,25.46154,7,23.59804,28,22.5,24.53846,26.33333,19.7931,22.6,27,26.69231,6,23.92157,26.06667,23.5,23.53846,28.66667,21.41379,22.8,27.14286,26.92308,6,25.07843,31.86667,24.5,26.07692,31.33333,20.37931,25.6,28.28571,25.61538,5,23.87255,26.06667,23.4375,20.38462,22,24.41379,23,22.85714,26.92308,5,16.98039,17.2,8.125,10.30769,7,18.41379,12,11.28571,37,35,17.06863,17.6,7.4375,10.23077,7,18.82759,11.2,11.85714,36.92308,39,17.02941,17.33333,8,10.46154,7,18.31034,12,11.71429,37.23077,35,17.23529,17.53333,8.75,11.30769,7,18.58621,12.4,11.85714,36.76923,25,19.52941,21.86667,13.9375,17.61538,15.66667,16.82759,17.8,20.14286,33.23077,15,21.52941,25,18.5,20.92308,20,18.34483,18.2,22.85714,30.92308,8,23.54902,28.86667,21.125,25.23077,25.33333,18.55172,23.8,27.71429,28.46154,6,24.80392,28.8,24.1875,25.53846,30,20.48276,25.2,29,27.76923,5,25.81373,29.8,26.3125,26.92308,32.33333,21.10345,27.6,29.57143,27.30769,6,25.96078,30.93333,26.75,27.46154,34,21.27586,24,30.14286,25.92308,12,21.2549,27.6,11.5,30.23077,12,18.48276,16.4,26.28571,24.61538,19,24.08824,44,15.8125,23,36.33333,19.03448,34.2,15.14286,22.23077,18,24.09804,44.2,16.0625,22.92308,35,18.93103,34.2,16,21.92308,18,22.87255,43.66667,14.0625,19.15385,23.33333,21.62069,28.6,15.28571,18.61538,15,22.09804,25.53333,15.25,17.76923,18.66667,23.44828,22,28.28571,25.53846,20,22.09804,24.2,15.5,18.23077,18.33333,22.41379,23.6,30,27.23077,19,22.76471,33.66667,21.875,17.46154,21.33333,22.17241,24.4,27.28571,16,12,22.16667,24.73333,15.5625,18.07692,18.33333,23.10345,23.8,28.71429,26.23077,20,22.20588,25.8,15.625,18.23077,18.66667,23.13793,23.4,28.28571,25.30769,20,22.16667,26.26667,15.5625,18.23077,18.66667,23.13793,23.6,27.57143,24.84615,20,22.39216,27.6,15.75,18.15385,18.66667,23.58621,23.4,27.28571,24.15385,20,22.44118,28.93333,15.6875,18,20,23.93103,23.2,26,22.92308,20,22.63725,29.4,16.9375,17.69231,19.33333,23.96552,22.6,28.71429,21.53846,20,22.77451,30.53333,17.0625,17.92308,19.33333,24.2069,22.6,28,20.84615,19,22.83333,31.4,17.0625,17.69231,21.33333,24.27586,22.4,27.57143,20.23077,19,23.01961,32.53333,17.0625,18.23077,21.66667,24.58621,22,27,19.46154,20
2013-08-31,2013-10-30,1401,27.43478,29.67347,24.07143,36.71429,16.17647,29.45652,27.2,28.66667,27.10526,30,15.5163,12.42857,13.75,15.42857,14.82353,17.71739,22,19.33333,20.78947,9.285714,24.57609,20.65306,22.35714,28.42857,21.52941,28.30435,37.6,35.83333,20.94737,30.85714,26.43478,18.42857,28.32143,29.85714,29.76471,29.19565,33,38.83333,22.73684,40,25.28261,21.12245,23.39286,30,23.47059,29.28261,35.4,39,20.21053,30.14286,27.65217,23.04082,30.21429,48.57143,45.52941,20.67391,37.4,43.66667,21.63158,26.85714,27.65217,23.32653,25.17857,44.28571,43.52941,20.84783,31.2,47.5,31.15789,28.28571,26.84783,25.02041,26.5,38,36.47059,25.15217,21.6,36.5,25,18.14286,20.35326,15.04082,18.57143,36.71429,32.11765,20.26087,22,40.16667,18.05263,8.428571,24.39674,19.4898,25.39286,40.14286,38.11765,20.73913,28.6,41.16667,22.42105,17.71429,25.43478,20.30612,23.82143,40.71429,38.76471,24.80435,27,44.16667,23.10526,13.42857,26.96739,21.87755,26.60714,42,44.35294,23,27,43.16667,25,24.28571,27.90217,22.53061,28.5,42,42.58824,24.86957,30.6,41.5,26.89474,22.42857,29.11957,21.44898,28.89286,36.85714,40.88235,31.52174,30.2,40.5,28.78947,22,27.97826,24.16327,28.10714,42.85714,41.29412,24.02174,31.8,41.33333,27.42105,20.28571,16.38043,12.02041,15.25,21.85714,18.52941,18.08696,21.4,25.5,19.47368,9.714286,15.83152,12.38776,13.85714,18.14286,16.64706,17.80435,21.6,22.66667,20,9.285714,16.17391,11.93878,14.96429,20.85714,18.05882,17.73913,21.6,25,19.84211,9.714286,16.80978,12.5102,16,22.71429,19.52941,17.76087,22.8,27.16667,20.05263,9.428571,21.42935,15.34694,22,34.57143,33.64706,19.63043,25.2,36.33333,22.10526,13.42857,24.8587,18.10204,24.89286,36.85714,38.11765,24.80435,26.2,41.5,23.42105,16.85714,27.15761,21.69388,26.35714,41.28571,41.47059,25.08696,27.6,42.83333,25.73684,23.42857,29.1413,23.40816,29.25,43,44.11765,27,28.4,43.5,27.36842,25.71429,29.61413,24.06122,30.35714,43.28571,44.58824,27.23913,30.2,44.16667,26.84211,25.71429,30.00543,24.14286,30.5,43.14286,45.23529,28.56522,30.6,44.33333,27.63158,22.14286,20.75,15.46939,19.07143,37.14286,34.05882,19.47826,20.8,40,20.10526,9.285714,24.98913,31.30612,19.39286,37.28571,17.47059,21.52174,44.2,27.16667,20.15789,29.42857,25.0163,31.2449,19.35714,37.28571,17.17647,21.65217,44.4,27,20.52632,29.57143,24.69022,29.7551,19.64286,34.71429,17,22.21739,42.4,27.16667,20.57895,30.71429,25.89674,19,26.92857,29.14286,26.88235,29.26087,32.8,37.16667,22.42105,37.14286,26.35326,18.28571,28.35714,30.28571,29.94118,28.80435,33,38.83333,22.84211,40.14286,27.19565,21.55102,31.21429,35.14286,32.35294,23.08696,36,41.5,24.73684,45.28571,26.38043,18.65306,27.85714,29.57143,28.88235,29.5,32.6,38.33333,22.84211,39.71429,26.43478,19,27.85714,30,28,29.80435,33,37.5,22.84211,38.85714,26.34783,19.12245,27.35714,30.14286,27.35294,30.06522,32.8,37.5,22.57895,38.28571,26.29348,19.2449,27.17857,29.57143,26.76471,30.43478,33.2,37.16667,22.47368,36.57143,26.24457,19.42857,26.78571,29.42857,25.94118,30.84783,33.8,36.33333,22.15789,36.14286,26.30978,19.40816,25.39286,28.57143,27.94118,30.5,34,45.66667,21.73684,34.85714,26.15217,19.55102,24.92857,28.57143,27.52941,30.3913,34.4,46.16667,21.47368,33.28571,26.16848,19.91837,24.64286,28.14286,27,30.56522,34.4,46.16667,21.63158,32.42857,26.0163,20.12245,24.14286,27.85714,26.29412,30.63043,35.2,46.33333,21.26316,30.85714
2013-07-01,2013-08-30,1232,31.91133,34.92157,25.79592,32.375,32.07143,34.56364,38.71429,27.7,30.66667,NA,19.12315,18.5098,14.44898,16.375,18.28571,20.16364,16.57143,23,43.11111,NA,29.34975,28.66667,22.59184,24.625,27.07143,33.25455,37.28571,36.3,40,NaN,28.82759,26.94118,24.30612,27.5,27,30.61818,31.85714,40.3,42.11111,NA,29.03941,27.21569,22.26531,25.125,27.35714,33.78182,34,38.4,39.11111,NA,23.44828,18.07843,16.73469,25.75,34.14286,26.16364,20.14286,43,36,NA,24.72414,20.47059,20.46939,31.5,35.14286,23.2,22.14286,45.6,37.88889,NA,32.47291,31.58824,31.30612,33.125,35.28571,31.27273,42.71429,36.3,34,NA,26.4335,23.27451,23.04082,28.625,36.35714,24.30909,23.57143,45.5,39.44444,NA,27.06897,24.03922,25.30612,25.625,34.21429,26.56364,25,41.4,32.77778,NA,27.93596,23.7451,23.12245,25.75,35,32.72727,22.42857,41.4,28.88889,NA,29.70443,26.29412,27.4898,27.375,36.71429,31.21818,27,41.5,32,NA,30.98522,29.2549,28.73469,29.375,39.28571,30.85455,30.71429,41.8,30.55556,NA,31.9064,31.17647,30.69388,29.375,38.64286,30.65455,33.85714,40.3,31.22222,NA,32.24138,29.58824,31.40816,28.875,38.92857,33.27273,30.57143,40.7,30,NA,19.78818,18.5098,15.34694,17.625,19.71429,20.30909,16.28571,28.5,43.11111,NA,19.42857,18.76471,14.67347,17.25,19.35714,20.14545,16.57143,25.5,42.22222,NA,19.63547,18.43137,15.20408,17.125,19.21429,20.49091,16.14286,26.8,43,NA,20.08867,18.54902,15.89796,16.625,19.5,21.07273,16.14286,28.7,43.11111,NA,23.74877,21.2549,21.65306,20.25,26.14286,23.32727,21.28571,35.8,39.77778,NA,26.95567,22.7451,24.55102,22.5,30.92857,29.52727,23.14286,38.9,35.66667,NA,29.96552,27.41176,27.93878,28.625,36.92857,30.29091,29,41.8,31.44444,NA,32.11823,30.13725,30.87755,29.625,39.64286,32,31.28571,43.1,29.77778,NA,32.02956,29.13725,30.81633,29,40.42857,32.69091,32.71429,42.2,28.77778,NA,32.36453,29.4902,30.89796,26.625,40.92857,33.78182,33.42857,41.3,29,NA,26.84236,24.78431,25.67347,23.5,31.21429,25.8,25.57143,38.4,35.55556,NA,31.06897,31.52941,25.36735,35.875,29.64286,29.14545,52.28571,46.8,35.22222,NA,31.04926,31.52941,25.34694,35.875,29.64286,29.10909,52.28571,46.7,35.22222,NA,29.71921,32.19608,24.14286,29,24.78571,29.14545,50.28571,33.6,37.55556,NA,28.81281,26.70588,23.7551,27.125,26.85714,31.58182,31.85714,39.3,41.88889,NA,28.79803,27.05882,24.18367,27.5,27,30.54545,31.71429,40.1,42.22222,NA,29.59606,28.19608,27.55102,25.75,26,30.09091,30.14286,42.7,39.66667,NA,28.83744,26.92157,24.12245,27,26.85714,31.05455,31.85714,39.9,41.88889,NA,28.85714,26.86275,23.85714,26.875,26.64286,31.41818,32.14286,40.2,41.77778,NA,28.9803,26.86275,23.85714,27,26.71429,31.89091,32.14286,39.6,42.11111,NA,29.08867,26.90196,23.73469,27.125,26.78571,32.38182,32.28571,39.4,41.88889,NA,29.1133,27.11765,23.42857,26.375,26.5,32.83636,32.71429,39.1,41.22222,NA,28.83744,26.86275,22.5102,23.625,27.14286,33.23636,32.71429,39.1,40.44444,NA,28.6798,26.52941,22.26531,23.625,26.07143,33.67273,32.28571,38.9,39.66667,NA,28.73892,26.58824,22.02041,23.625,25.92857,34.16364,32.28571,38.9,39.22222,NA,28.69951,26.58824,21.77551,23.375,26,34.49091,32.42857,37.9,38.77778,NA
2013-05-01,2013-06-30,1384,28.46352,28.10714,29.4878,29.9375,30.77778,25.52632,39.71429,26.11111,26.38889,25.125,19.27468,15.92857,9.829268,18.0625,17.27778,25.97368,28.28571,24.44444,38.94444,39.125,26.06009,23,25.32927,21.625,26.77778,26.86842,41.28571,29.77778,25.44444,27.375,25.7897,22.64286,25.81707,24.875,28.44444,22.55263,39,34.61111,22.27778,24.25,26.78112,22.46429,26.35366,23.875,27.83333,28.02632,39.57143,32,24.38889,26.25,23.95708,19.53571,16.43902,26,37.16667,30.21053,19.42857,36.72222,25.61111,24.5,22.52361,13.39286,11.93902,39.0625,30.55556,27.73684,21.42857,42.05556,29.33333,28.75,23.20601,14.85714,13.09756,40.3125,31.72222,28.63158,23.85714,42,28.83333,21.375,25.98712,25.89286,20.2561,29.9375,31.38889,23.57895,28.28571,37,32.22222,35.625,24.16738,16.71429,14.96341,39,35.94444,26.15789,24.57143,44.44444,25.61111,29.75,25.11159,22.21429,19.86585,26.4375,34.72222,24.26316,27.71429,38.66667,25.44444,35.25,26.65236,24.32143,23.12195,26.25,37.33333,24.39474,30.71429,38.27778,24.88889,32.75,26.90987,24.89286,24.20732,25.625,37.22222,23.68421,32.42857,37.61111,23.72222,34.625,27.03004,25.71429,23.59756,27.4375,35.22222,24.02632,30.71429,36.88889,26.5,37.625,27.55794,26.89286,24.5122,26.9375,37.27778,24.86842,31.14286,36.94444,25,34.75,19.24893,15.53571,9.926829,19.1875,18.72222,25.15789,27.71429,26.44444,36.72222,38.125,19.13305,15.46429,9.597561,18.75,18.33333,25.86842,27.85714,25.77778,37.11111,37.25,19.32189,15.78571,10.07317,18.375,18.88889,25.13158,27.57143,26.55556,36.83333,38.875,19.50644,15.78571,10.58537,18.9375,19.27778,24.10526,28.42857,27.38889,36.66667,39.625,22.12017,18.75,15.7561,19.9375,26.22222,23.23684,29.14286,33.66667,30.33333,38.375,24.25751,20.5,19.26829,23.875,31,23.73684,29.71429,36.83333,27.11111,37.125,26.03004,23.39286,22.60976,25.9375,35.27778,23.89474,30.42857,38.38889,23.61111,33.625,27.37339,25.39286,24.79268,27.25,38.38889,24.57895,31,39,22.27778,31.625,27.80258,25.75,25.34146,27.0625,38.94444,25.57895,31,38.88889,22.33333,31.75,28.28326,25.92857,26.20732,27.0625,40.05556,26.18421,30.85714,38.22222,22.5,32.125,24.48069,24.21429,17.46341,31.375,31.33333,22.57895,27.85714,39.27778,26.5,36.375,28.47639,28.67857,27.64634,28.125,26.16667,27.47368,34.14286,31.16667,29.88889,32.75,28.28326,27.5,27.2439,29.5,25.44444,27.84211,33.85714,30.72222,30.55556,32.25,27.66953,25.53571,27.52439,28.5,24.83333,26.26316,37.71429,30,29.05556,30.875,25.99571,22.39286,26.04878,24.25,28.77778,23.63158,39,34.33333,22.5,24.25,25.78541,22.67857,25.79268,24.875,28.44444,22.39474,38.85714,34.77778,22.22222,24.875,26.62232,24.17857,27.46341,23.125,31.38889,22.10526,36.28571,35.44444,23.5,23,25.96567,22.60714,26.10976,24.6875,28.27778,23.02632,39.28571,34.44444,22.66667,24.25,26.09871,22.75,26.28049,24.5625,28.11111,23.44737,39.28571,34.33333,22.77778,24.5,26.30043,22.67857,26.54878,25.25,27.83333,23.97368,39.57143,33.94444,23.05556,24.625,26.49356,22.78571,26.7439,25.25,28.05556,24.28947,40.57143,33.66667,23.5,24.625,26.52361,22.64286,26.84146,25.1875,28.16667,24.57895,40.28571,33,23.77778,24.625,26.40343,21.89286,26.5,26.8125,27.38889,26,40,30.33333,23.94444,24.875,26.56652,21.92857,26.79268,26.625,27.5,26.60526,40,29.77778,23.83333,25.25,26.70386,21.96429,26.87805,26.5625,27.72222,27.23684,39.42857,29.83333,23.88889,25.125,26.8412,21.92857,26.96341,26.8125,27.77778,27.92105,39.57143,29.38889,23.94444,25.25
2013-03-01,2013-04-30,1350,32.96319,33.34783,36.32,20.88889,37.88235,27.2,24.66667,32.8125,37.5,38.5,19.43558,19.52174,11.6,16.33333,14,22.16,25.66667,23.1875,42.75,42.66667,25.23926,21.6087,29.28,28.88889,16.94118,20.8,26.44444,33.875,21.625,22,26.88957,22.34783,29.5,28,19.82353,17.84,35.44444,39,28.625,31.16667,26.39877,22.52174,28.54,27.88889,17.52941,23.88,29.33333,34.625,27.5,29,26.34969,15.86957,20.76,29.66667,38.41176,21.36,40.77778,39.4375,30.25,33,29.5092,25.65217,26.08,50.33333,37.29412,16.96,43.22222,38.625,23.625,34.83333,29.12883,18.65217,26.14,37.33333,38.35294,18.92,39.11111,46.875,30.625,34,23.70552,18.86957,13.9,35.55556,36.29412,14.24,39.88889,45,22.375,30.66667,23.88344,20.17391,15.08,37.77778,29.94118,17.72,41.66667,36.875,30.375,29.16667,26.31902,22.95652,21.28,38.88889,32.29412,20,36.33333,36.625,28,27,27.55828,23.04348,23.34,37.55556,32.88235,21.28,40.77778,38.375,27.125,28,28.06748,24.86957,24.58,39.88889,31.64706,20.52,41.77778,40.25,24.125,25.16667,29.13497,27,25.96,41.33333,33.41176,21.96,41.33333,38.6875,25,25,29.26994,26.73913,26.6,39.88889,34.35294,23.04,38.22222,37.875,26.25,24.5,19.56442,19.26087,11.46,18.77778,15.58824,20.28,28.11111,25.25,41,41.16667,19.4908,19.26087,11.44,17.88889,14.64706,21.84,26.33333,24,42.25,41.16667,19.52147,19.21739,11.48,18.55556,15.05882,20.84,27.55556,24.5,41.75,41.33333,19.65644,18.86957,11.94,19.77778,15.52941,19.56,28.66667,25.8125,40.125,41.66667,22.60736,19.78261,16.24,30.55556,21.05882,17,39.33333,33.75,31.5,35.66667,25.76687,21.52174,21.32,36.22222,27.70588,18.56,42.55556,36.625,27.375,31.66667,27.8589,23.91304,24.26,40.88889,31.29412,19.76,43.11111,40.1875,23.75,27.16667,29.34356,25.52174,26.72,41.88889,34.76471,21,43.11111,40.3125,22.75,25.33333,29.77914,26,27.8,43,35.17647,21.24,42.55556,40.5,22.125,23.66667,30.47239,26.08696,28.74,43.33333,35.41176,23,42.77778,40.625,23.75,23,23.05521,16.43478,14.96,32.66667,35.29412,14.44,37.22222,38.8125,29.625,30.66667,29.10429,27.52174,30.8,32.22222,17.70588,32.08,25.44444,33.375,29,30.5,29.10429,27.52174,30.8,32.22222,17.70588,32.08,25.44444,33.375,29,30.5,28.19018,25.26087,30.44,28.11111,17.35294,29.84,26.77778,34.8125,28.25,29,26.79141,21.86957,30.1,25.77778,19.29412,18.88,33.66667,38.1875,28.375,31,26.77914,22.34783,29.34,28,19.76471,17.6,35.22222,39,28.375,31.33333,28.51534,30.95652,29.74,24.88889,20.52941,19.68,30.44444,39.6875,39.5,26.5,26.8589,22.43478,29.7,27.66667,19.41176,18.28,34.55556,38.3125,28.75,31.16667,26.92025,22.43478,29.96,27.66667,19.23529,18.64,33.77778,38.1875,28.875,31,26.92025,22.52174,30.14,27.11111,19,19.12,32.88889,37.875,29,30.66667,26.93252,22.56522,30.4,26.77778,18.29412,19.8,32.55556,37.25,29.125,30.33333,26.86503,22.52174,30.22,26.55556,18.05882,20.48,31.77778,36.9375,29.375,30,26.47239,21.56522,30.12,24.22222,17,21.36,30.22222,37.8125,28.75,27.5,26.41104,21.30435,30.06,24.77778,16.94118,22.2,29,37.0625,28.625,27.16667,26.28834,21.17391,29.78,24.55556,16.76471,23,27.66667,36.75,28.75,26.83333,26.22699,21.56522,29.48,24.44444,16.70588,23.96,26.77778,35.9375,28.25,26.66667
2012-12-30,2013-02-28,1131,32.45,27.95238,32.02174,36.25,21,29.60714,35.25,41.1,37.38462,44.2,18.51429,12.90476,9.826087,14.25,10,20,16.75,27.2,46.61538,40,27.69286,24.28571,27.02174,29.875,18,27.07143,40,33.8,29.07692,32.2,27.07857,21.14286,27.82609,30.375,20.8,22.25,40.5,37.2,31.92308,29.6,27.16429,23.28571,26.02174,28.5,18.6,25.92857,38.5,33.4,32.53846,31.8,30.75714,31.57143,22.86957,36.5,35,36.89286,14.75,43,32.53846,35.8,22.7,24.66667,15.73913,42.25,20.8,11.92857,22,47.5,28.76923,44.6,28.64286,29,22.41304,39.625,20,31.85714,25.25,34.7,33.76923,34.8,33.55714,34.85714,32.19565,37.75,35.2,32.03571,35,43,28.69231,33.4,30.23571,36.47619,28.54348,43,26.4,17.35714,38.5,44,32.30769,35.6,27.22143,26.28571,19.91304,36.125,31,26.67857,21.5,45.5,31.61538,40,28.1,27,22.43478,36.625,32.4,25.78571,20,51.8,29.07692,36.4,29.08571,29.80952,23.32609,37.5,35.6,25.92857,21.25,51.7,28.76923,38.6,29.24286,27.85714,24.97826,33.375,26.4,27.89286,26.75,41.5,34.84615,41,30.1,31.28571,24.97826,36.5,36.4,27.82143,24.25,49.9,27.61538,40,18.90714,13.7619,9.782609,17,11,19.39286,16,32.7,45.07692,39.4,18.65,13.57143,9.673913,15.75,10.8,19.82143,16.25,28.4,46.38462,38.8,18.83571,13.71429,9.543478,16.25,10.8,19.92857,16,32.3,44.69231,40,19.36429,14.33333,9.847826,17.625,11,20.32143,16.5,35.9,42.92308,41.8,22.80714,18.42857,14.91304,30.625,19,20.17857,17.75,49.4,36.07692,36.2,25.97143,23.61905,18.56522,35.125,25.2,24.21429,18,51.9,32.69231,37,28.5,28.09524,23.56522,36.75,31.2,24.42857,22.25,51.4,30.61538,36.2,30.15,29.71429,26.26087,39.125,37.4,26.5,22.5,51.2,28.23077,35.6,31.27143,30.52381,27.8913,40.375,39.6,28.78571,22.5,50.7,27.38462,34.8,31.61429,31.47619,28.08696,41.125,38.4,29.39286,21.25,50.6,28.15385,34.4,28.19286,28.85714,21.34783,37.125,37.6,27.21429,17.75,44.8,31.53846,36.6,27.73571,24.33333,26.78261,22.625,11.2,27.96429,38.25,27.3,40.76923,32.8,27.69286,24.19048,27.04348,22,11.2,27.85714,38.25,27.5,40.46154,31.8,27.28571,23.61905,26.95652,22.5,13.2,25.25,39.25,27.9,40.15385,34.6,27.21429,21.52381,28.02174,30.75,21,22.57143,41.25,36.2,31.38462,30.2,27.12143,21.2381,27.8913,30.375,20.8,22.14286,40.5,37.5,31.92308,29.8,27.47857,21,29.02174,24.5,28.6,24.14286,44,30,31.15385,35,27.12143,21.52381,27.86957,29.75,20.8,22.42857,40.5,36.6,32.07692,29.6,27.21429,21.57143,27.93478,29.375,20.6,23.10714,39.75,36.5,31.76923,30,27.38571,22.09524,27.91304,29.25,20.6,23.78571,41,36,31.53846,29.8,27.44286,22.66667,27.84783,29.5,19.8,24,41.5,35.5,31.15385,30.4,27.51429,22.95238,27.65217,28.75,19.8,24.71429,41,34.8,31.30769,31.6,26.99286,23.52381,27.02174,30.25,14.2,24.57143,40.75,34,29.84615,30,26.97857,23.61905,26.84783,30,14.2,25.17857,39.25,33.5,29.76923,30.2,27.15,23.90476,27.06522,29.5,14.4,25.78571,39.5,32.9,29.46154,30.8,26.97143,24.04762,26.73913,29.5,14.2,26.17857,38.5,31.7,29.15385,30.2
2012-10-30,2012-12-29,896,25.81481,26.025,24.36842,26.66667,37.375,20.46667,26.5,31.2,23.1,26.25,13.9537,4.975,15.36842,18.66667,19.625,18.2,25,25,19.8,26.75,23.30556,25.175,30.10526,30,23.25,10.06667,28.25,27.6,17.1,22.25,20.12963,17.175,24.73684,31,24.375,8.933333,30,36.2,18.4,27.5,21.23148,18.35,26.21053,34.66667,25.75,11.13333,31.75,33.4,18.4,26.5,20.87963,3.25,17.10526,49.66667,39,29.86667,31.75,45,39.6,35.75,26.97222,27.125,32.10526,37.33333,23,13.26667,22.25,42.2,27.4,37.25,23.78704,17.65,23.05263,49.33333,33.5,16.86667,26.5,52,23.8,38,25.13889,21.125,33.68421,45.33333,20.5,12.53333,32,48,24,33.5,23.75926,16.75,21.05263,50.33333,27.625,19.93333,34.75,52.4,26.7,39.25,24.72222,20.425,24.73684,41,23.5,21.13333,27.5,47.2,26.3,36.5,24.21296,20.1,27.84211,36.33333,19.125,21.86667,24,43.6,23.6,35.5,26.33333,23.75,30.94737,34.33333,20.5,25.26667,22.5,41,23.3,33,25.21296,22.25,30.26316,32,19.25,24.6,22.25,37.2,22.9,33.75,28.75926,30.525,31.21053,30.33333,20.625,25.2,22,38.8,24.1,33.75,14.16667,5.225,15.52632,24,17.375,15.4,26,32.8,20.1,28.75,14.17593,5.125,15.21053,22.33333,19.125,15.86667,27,29,21.4,28,14.25,5.425,15.94737,22.33333,17.125,15.66667,26,31.8,19.8,29.75,14.64815,5.55,17.26316,22.66667,16.625,16.46667,26,33.6,19.3,29.75,19.72222,12.825,23.52632,29.33333,19.875,17.86667,23.5,44.2,20.8,33,22.83333,18.425,26.42105,32.33333,19.25,20.13333,22.75,43.2,22.6,35.25,25.53704,22.65,28.05263,37,19.625,23.4,23.5,44,24.5,35.25,27.10185,25.3,30.42105,38,20.625,24.53333,23.25,43,24.5,34.25,27.64815,26.45,31.21053,36.33333,20.625,25.66667,22.75,41.2,24.2,34.25,28.0463,28.45,30.68421,36.66667,20.625,24.6,21.75,43.2,22.4,34.25,21.15741,4.55,17.52632,49.33333,39.625,26.33333,34.75,46.8,35.7,45,27.17593,28.375,31.84211,31,30.375,13.6,43.75,34.8,20.2,26,27.16667,28.375,31.10526,31.66667,30.875,14,43.75,34.8,20.4,25.75,25.90741,25.275,31.57895,31.66667,30.625,13.6,42.25,38,19.1,23.25,20.01852,16.525,25.10526,31,24.25,9.8,29.75,35,18.2,28.5,20.23148,17.4,24.84211,31.33333,23.875,8.933333,30,36.6,18.2,28.25,22.49074,22.6,21.84211,29,25.5,16.8,30.75,26,18.2,33,20.23148,17.425,24.68421,31.33333,24.25,9.266667,29.25,36.2,18.4,27.5,20.52778,17.75,25.31579,31,24.625,9.6,29.25,36.4,18.4,27.25,20.73148,17.975,25.84211,31.33333,24.625,9.8,29.25,36.2,18.6,26.75,20.87037,18.1,25.94737,31.66667,25,10.13333,29.25,36.4,18.2,27.25,21.07407,18.3,26,32.66667,25.25,10.26667,29.75,36.6,18.6,27,21.90741,18.375,26.15789,33,25.5,12.8,29.75,35.6,18.8,38.5,22,18.625,26,33.33333,25.875,12.73333,30,36,18.4,38.75,22.19444,18.675,26.26316,34.33333,25.125,13.66667,31,35.8,18.4,38.75,22.39815,18.75,26.63158,34,26.25,13.86667,31.75,35.6,18.4,38.5
2012-08-30,2012-10-29,953,31.08108,30.5,31.35714,31.5,32.7,32.77778,29,26.06667,30.07143,46.75,19.2027,7.38,18.5,20.125,16.4,31.16667,15,31.26667,32,34.25,26.47973,26.44,27.28571,28.75,21.5,25.33333,11,31.33333,23.64286,30,24.71622,20.28,27.35714,29.125,18.7,22.05556,14,33.33333,26.07143,45.5,25.17568,23.1,25.07143,29.625,21.3,24.88889,13,32.8,24.57143,30.5,24.07432,9.16,21.64286,42.625,26.4,25.38889,49,47.26667,37.07143,40,26.18919,12.2,27,41.25,26.5,30.05556,48,42.93333,36.57143,42.5,25.43243,21.02,23.67857,30,23.9,26.11111,8,40.46667,28.28571,22.5,29.49324,29.48,28.46429,29.625,26.3,34.94444,6,30.66667,28.28571,25.75,24.16892,14.2,21.17857,36.5,30,25.44444,32,39.73333,33.5,31.75,24.79054,15.74,23.14286,35.375,27.7,30.94444,21,37.26667,31.42857,24.25,25.63514,17.78,24.67857,34.875,25.4,32.5,20,35.4,31.64286,25.5,26.91892,19.86,27.07143,33.125,27.4,33.88889,20,32.4,33.5,27.25,27.22297,20.68,28.28571,31,27.8,34.94444,20,30.4,32.78571,28.25,27.66892,21.78,28.67857,29.875,28.4,34.55556,20,30.66667,33.28571,28,18.85811,7.4,16.67857,23.25,16.8,27.72222,18,33.66667,32.28571,31.5,18.89189,7.28,16.92857,22.375,17.7,28.55556,18,34.06667,30.64286,32.5,18.82432,7.46,16.75,22.625,16.3,28.33333,18,32.6,32.5,32,19.05405,7.68,17.14286,23.5,16.9,28.83333,19,31.93333,32.71429,31,21.29054,10.86,21.14286,26.75,20.6,28.66667,15,31.4,33.42857,31.5,23.94595,15.4,24.25,29.875,22.9,30.05556,19,33.33333,32.07143,29.5,26.15541,18.78,25.21429,34.625,25.6,30.5,20,36.73333,33.28571,26.75,27.41892,21.24,27.32143,35.375,27.9,32.11111,20,34.66667,32.28571,24.75,27.75,21.68,28.25,34.75,28.3,32.77778,20,34.53333,31.71429,24.75,27.93919,22.08,28.78571,34.625,28.8,32.27778,20,34.53333,31.71429,24.25,27.27703,19.38,30.28571,33.375,26.1,27.33333,22,37.46667,33,38.5,28.97973,31.54,22.07143,40.625,23.7,25.83333,34,35.53333,29.85714,20.5,28.93919,31.26,22.17857,40.625,23.5,25.94444,34,35.93333,30,19.75,28.16892,28.16,23,40,23.2,25,35,37.33333,31.21429,20.75,24.43919,19.94,27.03571,29.125,18.2,23.27778,13,32.8,25.21429,42.75,24.77703,20.38,27.5,28.75,18.8,21.5,14,33.46667,26.78571,45.5,27.49324,25.84,32.42857,35.875,19.1,16.5,32,30.46667,30.42857,44.75,24.83784,20.6,27.53571,29.125,18.5,22.22222,14,32.86667,26.35714,45.25,24.92568,20.94,27.67857,28.75,18.5,22.38889,14,33,26.07143,43.75,25.03378,21.44,27.71429,28.75,18.3,22.94444,13,32.4,25.64286,43.25,25.29054,22.12,27.75,28.75,18.3,23.44444,13,32.6,25.28571,42.25,25.4527,22.54,27.82143,28.625,18.7,23.88889,13,32.33333,25.28571,40.75,26.08108,22.72,28.60714,28.5,19.1,23.94444,13,34.66667,27.42857,39,26.20946,23.32,28.35714,28.375,20,24.44444,13,34.66667,27.28571,34.25,26.40541,23.72,28.10714,28.75,20.6,25,13,34.8,27.28571,33,26.59459,24.06,28.07143,29,22,25.11111,13,35.06667,27.28571,30.5
2012-06-30,2012-08-29,826,29.62774,27.2381,32.7037,41.5,27.4,27.47619,28.5,34.11111,30.18182,21.85714,21.23358,11.35714,15.48148,22.5,20.8,34.28571,36.5,26.55556,27.90909,41,29.05109,28.42857,28.88889,31.375,23.9,26.28571,14.5,38.22222,31.63636,34.71429,28.08759,23.85714,28.88889,33.625,21.2,22.85714,23,40.77778,35.81818,42.57143,28.29197,27.88095,27.92593,28.875,23,25.28571,19.5,37.44444,30.36364,35.57143,24.9781,10.64286,15.55556,53.25,32.8,28.61905,42.5,55.11111,27.27273,45.57143,28.9927,25.02381,23.33333,29,21.4,34.61905,15.5,47.88889,31.54545,44.14286,30.48905,28.52381,22.77778,34.125,30.3,36,30,47.77778,29.72727,30.71429,30.89781,31.35714,26.14815,27.625,27.1,33.57143,32,46.11111,25.36364,36.42857,27.62774,13.83333,18.81481,53.25,38.8,31.95238,44,54.66667,32.90909,38.42857,29.59854,21.64286,23.55556,39.625,40.4,35.52381,36,48.22222,26.90909,34.42857,30.79562,23.90476,26.11111,36.75,39.8,36.2381,33.5,47.44444,29,34.85714,32.14599,26,27.96296,37,42.5,37.57143,30.5,45,31.63636,33.28571,32.25547,26.69048,28.2963,35.75,41.8,35.66667,32,45.77778,33,34.57143,32.48175,27.71429,28.14815,36.5,41.6,40.04762,29,44,28.63636,29.71429,21.67153,11.14286,15.03704,28.25,24.5,31,36,31.77778,29.18182,42,21.32847,11.30952,15.07407,26,21.6,31.7619,36.5,30.44444,28,42,21.64234,11.09524,15.2963,27.875,23.1,31.61905,36.5,31.11111,29.18182,42,22.10949,11.35714,15.77778,28.875,25,32.38095,36,32.33333,28.72727,40.85714,25.86131,16.64286,19.74074,31.625,32.8,32.66667,33.5,40.44444,29.81818,40.71429,29.16788,21.61905,23.96296,34.375,37.1,34.66667,33.5,44.88889,29.81818,38.28571,30.9781,24.61905,25.96296,36.5,39.2,34.80952,33.5,48,31.81818,35,32.45985,26.54762,28.85185,36.875,42.4,36.04762,32.5,47.77778,31.54545,33.57143,32.78832,27.07143,30.33333,36.5,42.7,35.66667,32,47.33333,31.09091,33.71429,32.86131,27.66667,30.22222,35.625,43,35.80952,30,47.44444,29.36364,35.28571,25.0219,10.5,14.66667,53.75,34.5,29.61905,44,54,29.36364,42.42857,31.18978,37.2381,30.18519,25.875,28.1,22.28571,13,31,35,35.42857,31.28467,35.30952,30.11111,33.5,32.9,18.90476,18.5,27.66667,39.45455,39.42857,30.27737,31.42857,29.85185,33.375,31.5,19.80952,19,30.55556,39.09091,40.14286,27.72993,23.83333,29.14815,31.375,20,23.04762,21,40.55556,34.18182,41.85714,28.0292,23.78571,28.74074,33.625,21.1,22.57143,23,40.77778,36.27273,42.71429,29.51825,26.11905,30.44444,41,23,20.09524,24,38.88889,37.45455,47.85714,28.17518,24.2381,29.25926,32.875,20.9,23.19048,23,40.33333,35.54545,41.85714,28.19708,24.64286,29.37037,31.5,21,23.42857,20.5,40.22222,35.18182,41.57143,28.18248,25.02381,29.44444,31.125,20.4,23.66667,20,39.66667,34.90909,40.57143,28.31387,25.61905,29.77778,30.375,20.8,24.04762,20,38.88889,34.54545,39,28.38686,26.11905,29.7037,30.375,20.5,24.28571,19.5,38.55556,34.18182,38.57143,28.27737,26.54762,28.62963,29.75,19.6,25.90476,18,37.88889,33.36364,37.71429,28.19708,27.02381,28.7037,26.75,19.9,26.19048,18,37.77778,32.72727,36.28571,28.13139,27.47619,28.48148,26.375,20.3,26.57143,16.5,36.77778,31.54545,35.42857,28.20438,27.7381,28.40741,26.75,21.5,27,16.5,36.44444,30.45455,34.28571
2012-04-30,2012-06-29,932,30.63889,28.08696,34.15,44.09091,15,35.6875,41.33333,26.5,22.55556,20.71429,18.02778,8.173913,15.625,21.36364,15.125,34.125,28.66667,28,27.11111,35.85714,28.54167,26.80435,33.725,27,32.75,23.3125,15.66667,49,22.33333,21.71429,26.25,20.65217,28.175,37.27273,29.75,21.125,21.33333,52.25,24.55556,31.85714,27.31944,23.58696,31.475,29.54545,32,24.3125,20,50,22.22222,22.85714,21.29861,15.32609,17.275,36.36364,26.125,20.6875,32,58.75,27.33333,22,22.65278,15.32609,18.4,43.72727,15,22.5625,38,57.5,29.66667,35.42857,27.625,18.54348,33.95,29.18182,20.125,33.625,19.66667,53.75,21.44444,40,25.19444,22.34783,26.35,25.54545,18.625,26.8125,21.33333,57.5,23.22222,26.28571,21.24306,10.30435,16.225,51.36364,21.875,21.8125,38,58.25,36.33333,24.71429,23.01389,18.21739,19.95,35,26.25,23.125,17.33333,58.75,26.22222,27.14286,24.34722,20.56522,21.175,31.09091,26.5,25.8125,25,58.25,28.88889,25.42857,25.15972,22.78261,21.525,32.09091,26,25.375,25,57.5,30.55556,23.85714,25.29861,21.69565,22.325,27,29.5,31.25,21.33333,54,28.44444,26.14286,26.47917,24.71739,23.95,25.27273,28.125,31.6875,27,49.25,28.77778,24.42857,17.72222,7.782609,15.375,26.18182,28.875,28.33333,40.25,26.44444,31.71429,,17.81944,8.130435,15.8,24.09091,15.25,30.375,28.66667,34.25,26.55556,32.14286,17.70833,7.782609,15.475,25.18182,15,29.375,28.33333,38.25,26.33333,33,17.88194,8.043478,15.575,25,15,29.6875,25.66667,40.75,26.77778,33,20.09722,11.8913,16.825,25.54545,21.125,28.0625,21.33333,52.75,29.33333,33.71429,23.15972,18.19565,20.65,29.45455,22.125,26.125,20.66667,58.25,28.22222,29.14286,24.28472,20.3913,21.225,31.72727,25.125,25.25,26,58.25,29.11111,26.14286,25.17361,22.28261,21.925,32.18182,28.625,25.0625,25.66667,58.25,29.11111,23.85714,25.13889,22.78261,21.65,31.72727,27.875,24.8125,28,58.25,28.22222,23.71429,25.60417,23.5,22.625,31,28.625,25.8125,28,58.25,26.77778,22.85714,24.64583,18.52174,23.225,48.27273,13.625,21.625,51,53.25,33.88889,15.85714,31.56944,35.58696,32.95,29.54545,37.125,23.25,20,42.75,20.55556,25.85714,31.54167,35.5,32.925,29.54545,37.125,23.3125,20,42.75,20.55556,25.85714,30.45833,31.6087,34,30.36364,35.5,22.125,20.66667,45.5,21,23.85714,26.36806,21.15217,28.5,36.27273,29.5,21.25,22.66667,52.25,24.44444,30.28571,26.13194,20.65217,27.825,37.27273,29.75,21,21.33333,51.5,24.66667,32,27.59028,25.15217,26.225,42.90909,29.625,14.75,27,46.5,30.44444,40.14286,26.59028,21.26087,28.65,37.09091,30,21.4375,21.33333,51.5,24.55556,31.85714,26.70833,21.54348,29,35.45455,30.375,21.75,22.33333,51.5,24.77778,31.14286,26.86806,21.8913,29.35,35,30.5,22,22.33333,50.75,24.55556,30.85714,27.08333,22.21739,29.85,34,31,22.5625,22.33333,50.75,25.22222,29.14286,27.38889,22.69565,30.475,33.18182,31.25,23,22,50.5,25.33333,28.85714,27.52778,22.97826,31.325,31.81818,31.375,23.0625,22.33333,49.5,24.66667,28.14286,27.54861,23.23913,31.45,30.63636,31.375,23.5625,22.66667,49.25,24.55556,27,27.73611,23.65217,31.8,29.72727,31.875,24.1875,22.66667,49,24.44444,25.85714,27.8125,23.86957,32.475,29.18182,32.125,24.25,22.66667,47.5,23.77778,24.28571
2012-02-29,2012-04-29,968,26.59259,26.96296,27.65789,22,22.29167,30.4375,18.8,39.11111,22,19,16.0963,11.48148,14.42105,6.5,12.91667,19.3125,39.2,19.33333,19.54545,32.66667,24.05926,20.48148,29.47368,4.5,30.375,12.6875,27,18,22.27273,30.66667,23.4963,20.25926,22.89474,8,32.75,9.0625,41,27.88889,24.27273,28.33333,24.22222,19.37037,28.26316,7,32.54167,12.8125,31.2,21.11111,21.81818,29,24.57778,16.55556,20.52632,3.5,41.33333,22.5625,29.4,25.44444,25.81818,23.66667,25.52593,20.62963,20.5,6.5,44.08333,22.25,34,18.77778,24.45455,25,22.75556,14.7037,18.76316,3.5,27.70833,33.1875,36.2,31.33333,18.36364,31.33333,23.71852,21.55556,18.47368,6.5,31.41667,23.5,31,23.55556,28.54545,31.33333,21.04444,12.14815,16.63158,1,25.91667,31.625,30.6,32.44444,18.90909,32.66667,21.91111,14.14815,17.86842,1,27.66667,30.1875,30.4,27.22222,21.36364,38.66667,22.75556,16.2963,18.07895,3.5,28.75,32.375,25.2,23.55556,23.27273,45.33333,23.52593,17.77778,18.68421,4,29.70833,33.1875,21.8,23.11111,25.09091,47,24.51111,20,19.15789,6,31.20833,35,19.8,21.22222,25.09091,51.33333,24.66667,20.77778,19.78947,8,29.33333,35.375,18.4,21,26,54.66667,16.52593,10.33333,14.36842,6.5,15.95833,17.5,41,23.22222,19.27273,34.66667,16.2963,10.37037,14.60526,6.5,14.79167,18.125,41,21.77778,19.27273,31.33333,16.47407,10.59259,14.28947,6.5,15.375,18.25,40.6,22.22222,19.45455,34.66667,16.85185,11.07407,14.47368,4,15.875,19.25,39.8,22.77778,18.81818,39.33333,19.2963,13.18519,15.86842,0.5,21.66667,24.5625,33.2,21.88889,20.54545,47.66667,21.32593,15.22222,17.52632,0.5,26.125,26.8125,29.8,22.66667,22.45455,48.33333,22.97037,17.03704,18.63158,1.5,29.875,28.6875,27.6,23.77778,24.18182,45.33333,24.67407,19.14815,19.60526,3.5,33.95833,30.75,24.8,23.44444,25.90909,45,25.14815,19.88889,19.10526,0.5,36.20833,32.75,23,23.22222,26.09091,42.33333,25.01481,20.37037,18.97368,0.5,36.58333,32.25,22.2,23,24.54545,41,21.07407,11.62963,17.23684,10,18.66667,28.5625,33.8,51.66667,21.18182,28,26.85185,24.92593,36.57895,31.5,23.16667,16.6875,22.6,20.33333,24.63636,36.33333,26.85185,24.92593,36.57895,31.5,23.16667,16.6875,22.6,20.33333,24.63636,36.33333,25.61481,21.81481,35.60526,27.5,24.41667,14.125,23.6,19.77778,22.36364,35.66667,23.34815,19.48148,23.42105,7.5,32.83333,9.625,40.4,26.11111,23.18182,29,23.46667,20.22222,22.92105,8,32.58333,9.0625,40.4,28,24.18182,29.33333,28.34074,32.37037,30.57895,16.5,25.125,9.8125,37.4,38.55556,30.81818,41.33333,23.48889,20.48148,23.10526,8,32.75,9.1875,40,27.22222,23.81818,28,23.45185,20.14815,23.73684,7.5,32.79167,9.125,38,26,23.72727,29,23.53333,20,24.15789,7.5,33.16667,9.3125,37.4,25.44444,23.45455,28.33333,23.54074,19.88889,24.63158,7.5,32.95833,9.375,36.8,25,23.18182,28.33333,23.78519,19.88889,25.5,9,33.41667,9.8125,35.6,23.88889,22.72727,28.33333,23.91111,19.51852,26.57895,9,32.29167,11.625,34.6,22.55556,22.81818,28.33333,24.02963,19.48148,27.63158,9,32.125,11.875,33.6,21.55556,22.09091,28,24.04444,19.18519,28.23684,8,31.79167,12.6875,32,20.88889,22,27.66667,24.21481,19.11111,29.39474,8,30.95833,13.4375,31.4,20.77778,21.72727,26.33333
2011-12-30,2012-02-28,815,26.14912,27.93333,29.96,26,34.1875,27.57143,6.2,36.5,16.5625,12.75,13.17544,8.6,7.48,11.66667,21,12.57143,12.8,19,19.9375,26.75,25.2193,21.53333,26.88,26.88889,29.75,18.42857,20.4,25,27.625,29,21.90351,17.33333,18.64,28.55556,27,8.428571,20.6,17.5,32.125,27.75,23.75439,21.26667,24.4,26.44444,27.3125,14.42857,18,25.5,26.75,28.75,26.14912,26,13.48,27.11111,45.25,27.57143,23,35,27.3125,20.25,27.2193,23,21.48,31,46.375,27.28571,25.2,26,27,13.5,18.80702,8.233333,9.52,21.77778,42.8125,20.57143,25.8,50,18.5,27.25,25.60526,18.9,23.2,23.88889,45.5,35.71429,10.2,29.5,24.0625,21,21.61404,13.86667,12.12,23.11111,47.125,21.57143,14.8,37.5,23.625,26.25,25.14912,16.76667,20.2,23.88889,46.625,32.71429,14.8,34.5,26.8125,24.25,27.09649,20.46667,21.44,26.33333,47.6875,24.57143,15.8,28,31.75,31,26.70175,20,21.36,23.33333,46.9375,31.85714,16.8,25.5,30.25,26.75,26.7807,20.76667,21.56,23.44444,44.625,31.14286,16.2,25.5,31.125,29.5,26.32456,21.43333,22.8,21.88889,39.75,31.42857,18.6,21,29.875,30.5,14.02632,8.1,7.6,13.22222,26.25,12.28571,11.6,22,20.6875,27,13.77193,8.166667,7.6,13.22222,24.8125,12.14286,12,22.5,20,27.25,14.0614,8.366667,7.56,12.77778,26.125,12.57143,11.6,21.5,20.9375,26.5,14.55263,8.533333,7.96,13.22222,27.125,13.57143,11.6,18.5,21.9375,27.5,19.40351,14.26667,11.6,18.33333,35.875,17.57143,12.6,20,26,28.25,23.15789,16.26667,16.48,20.22222,45.875,24.14286,12.6,23,27.3125,27.25,26.25439,18.66667,20.48,25.44444,49.75,26.57143,15,26,30.0625,25.5,27.53509,21.1,21.84,26.88889,49.8125,28.42857,17.6,26,30.1875,24.75,28.5614,22.93333,22.96,27.44444,49.875,30.14286,18.8,27,30.4375,25.75,28.86842,23.8,23.64,26.77778,50.0625,32,20.2,27,29.1875,24.5,18.24561,8.433333,8.32,20.11111,44.1875,18,19.2,49,19.9375,23,28.50877,27,35.12,32.44444,25.125,22.28571,20.2,41,27.625,21.75,28.53509,27.5,35.12,32,24.875,22.14286,19.8,41,27.5625,21.75,27.28947,26.23333,32.4,29.77778,24.375,21.42857,19.6,38.5,27.4375,23,21.89474,17.76667,18.92,28.11111,26.5,9,21,20,31,27.25,21.84211,17.13333,18.6,29.11111,26.375,8.428571,20.2,18,32.3125,28.5,22.98246,21.1,24.08,30.33333,19.0625,18.57143,28.4,30.5,24.75,19.5,22.07895,17.73333,19.36,28.66667,26.8125,8.285714,20.4,18,31.75,27.5,22.31579,18.06667,20.12,29.11111,26.5625,8.857143,20.6,18,31.3125,27.5,22.67544,18.6,21.16,28.88889,26.5625,9.428571,20.4,18.5,31.125,27.5,23.12281,19.36667,21.84,28.66667,26.6875,10.42857,20,20,31.125,28.25,23.36842,19.66667,22.28,29.11111,26.75,12.14286,20.4,20,30.375,28.5,23.72807,20.2,23.52,29.11111,26.625,13.85714,20.4,20.5,29.5,27.75,24.08772,20.83333,24.76,28.77778,26.5625,14.71429,20.4,22,28.625,27.75,24.28947,21.7,25.16,27.77778,26.4375,15.57143,21.2,22.5,27.5625,28.75,24.46491,22.5,25.84,26.77778,26.625,16.42857,21.8,25.5,25.75,28.5
2011-10-30,2011-12-29,874,23.75,22.90909,25.05,28,21.4,15.84211,20,24,26.55,32.27273,16.55,11.72727,12.55,3,13.4,19.10526,8.666667,19.3,17.35,25.09091,25.16,29.90909,32.35,16,19,17.05263,13.66667,30.4,19.35,33.90909,24.11,28.63636,29.65,17,13.6,10.10526,18.33333,35.9,21.35,35,24.65,31,29.9,17,15.6,16.15789,16.66667,32.4,18.55,34.45455,26.93,32.81818,28.2,36,4.6,13.52632,25.66667,45.3,26.15,36.27273,26.27,31.18182,28.05,48,6.2,17.68421,1.666667,40.5,27.8,31.09091,22.14,25,16,3,4.4,15.42105,25.66667,43.4,19.1,37.09091,20.83,24,14.55,7,5,17.57895,28.33333,42.9,13.8,33.81818,22.78,24.18182,17.95,17,5.6,17,27.66667,40.8,22.05,32.09091,23.21,23.45455,21.4,28,10,17.57895,10.33333,38.7,24.5,28.63636,22.72,23.09091,21.05,28,10.2,17.78947,10.33333,37.5,22.8,28.90909,23.52,23.09091,23.2,30,10.4,18.42105,9.666667,36.5,24.45,29,23.56,23.18182,23.25,34,10.4,19.21053,9.666667,35.5,25.15,27.09091,23.75,24.27273,24.9,34,9.4,23.36842,11,30.5,23.55,25.09091,16.96,13.63636,13.25,3,11,14.52632,8,28.4,15.9,29.18182,16.95,13.90909,12.8,3,11.6,16.73684,8.333333,25.6,15.5,28.72727,16.77,12.63636,13.3,3,10.8,15.52632,6.666667,26.8,16.6,27.27273,17.11,13.09091,13.25,6,10.6,15.47368,6.333333,27.8,17.25,27.90909,20.41,19.18182,20.25,20,8.8,13.84211,4.333333,34.9,20.55,29.54545,21.73,21.63636,20.85,21,10.2,15.31579,6,38.5,21,30.18182,23.35,24.27273,21.9,34,9.8,15.42105,9.333333,39.3,24.15,31.81818,23.95,25.54545,24.2,35,9.8,16.05263,10.66667,38.5,24.55,30.27273,24.45,26.81818,25.35,37,9.4,16.89474,10,38.3,25.25,29.09091,24.67,26.18182,26.4,36,11.2,17.68421,10.33333,37.8,25.15,28.27273,21.31,24.63636,15.2,9,5,18.89474,29.33333,41.3,15.5,32,27.8,36.63636,31.6,22,18.4,22.36842,12,32,22.25,36.81818,27.83,36.63636,31.7,22,18.4,22.42105,12,32,22.25,36.81818,27.21,37.54545,32.4,20,16.8,23.31579,15,32.6,17.6,35.45455,24.12,29.09091,29.55,15,14.6,11.94737,18.66667,34.8,20.05,34.63636,24.28,28.63636,30,17,13.8,10,18.33333,36.6,21.3,35.45455,26.69,35,29.6,30,24.2,10.21053,38.33333,34.7,23.9,37,24.12,28.54545,29.55,17,13.8,10.78947,18.33333,35.8,20.85,35.09091,24.36,29.18182,29.85,17,14.6,11.36842,18.33333,36,20.6,35,24.47,29.09091,29.85,16,14.8,12.42105,18,35.6,20.3,35.27273,24.48,29.63636,29.75,16,15.2,12.78947,18,35.5,20,34.81818,24.55,29.72727,29.85,16,15.4,13.73684,16.66667,35.2,19.7,34.63636,24.75,30.36364,30.2,16,15.6,14.94737,16.66667,33.9,19.35,34.81818,24.91,30.72727,30.1,16,15.6,16,17.66667,33.7,18.95,34.90909,24.87,31.27273,30.1,16,15.6,16.68421,17.66667,32.9,18.3,34.72727,24.9,31.45455,30,16,16.8,17.47368,18.33333,31.3,18.25,34.45455
2011-08-30,2011-10-29,822,27.11579,22.5,25.9,NA,24.28571,28.55556,33.08333,30.2,28.61538,23.5,22.54737,9.125,29.35,NA,15.42857,22.77778,26.25,25.4,26.46154,26.25,28.68421,27,29.35,NaN,41.14286,21,29.58333,41.8,32.69231,12.75,27.07368,19,27.55,NA,46.57143,17.55556,32.5,46.8,29.07692,18.25,28.17895,26.5625,27.75,NA,47.57143,20.16667,29,42.4,29.76923,13.5,21.76842,12.3125,24.6,NA,15.14286,12.16667,29.25,51.6,23.38462,35.25,30.54737,31.75,24.75,NA,41.57143,22.27778,42.91667,45,31.69231,13.75,26.41053,21.25,29.2,NA,14.85714,18.38889,39.83333,41.6,29.15385,21.25,23.01053,12,21.5,NA,20.57143,22.94444,34.41667,53.6,19.76923,17.25,24.12632,15.25,25.9,NA,16.28571,18.72222,32.58333,52.2,21.61538,36.5,27.4,19.75,29.05,NA,27.28571,22.88889,34.25,48,25,31.75,28.92632,18.875,31.35,NA,36,27.05556,34.83333,47.8,24.23077,27,29.29474,20.9375,31.05,NA,30.71429,26.22222,35.91667,47,25.92308,34.25,29.55789,21.3125,31.55,NA,31.57143,26.77778,35.66667,46.2,26,34,29.48421,21.875,30.55,NA,30.28571,25.83333,36.66667,45.8,27.46154,34.25,22.03158,9.375,27.9,NA,17.14286,18.72222,28.25,38,22.46154,26.75,21.97895,10.3125,28.05,NA,16.71429,19.88889,25.91667,32.2,24.92308,22.75,22.17895,9.0625,28.25,NA,16.71429,19.77778,28,36,22.76923,28,22.63158,9.625,27.8,NA,18.14286,20.55556,28.66667,38,22.38462,29.5,25.73684,12.875,30,NA,23,21.55556,34.25,45,25.07692,32,27.97895,19,30.55,NA,31.42857,23.5,35.25,47.2,24.07692,32,28.96842,20.625,31.4,NA,31.57143,23.94444,35.66667,48,26.38462,32.75,29.63158,21.9375,31.4,NA,32.14286,24.83333,36.16667,47.6,27.46154,33.75,30.13684,23.3125,31.55,NA,32.85714,24.72222,37,47.6,27.92308,34.75,30.37895,24,31.25,NA,33.42857,25.61111,36.91667,47.6,27.84615,34.75,30.12632,24.9375,22.1,NA,47.14286,30.44444,43.75,46,26.53846,10.75,28.54737,38.5,25.05,NA,30.85714,17.11111,25.91667,33.2,38.92308,22,28.65263,38.75,25.1,NA,31.28571,17.11111,25.91667,33.8,38.84615,22,28.12632,36.5,24.7,NA,32,16.77778,26.08333,36.4,37.61538,21,27.03158,20,27.25,NA,47.14286,18,31.5,46,28.84615,16.5,27.03158,18.9375,27.5,NA,46.42857,17.38889,32.66667,46,29.30769,18.5,27.29474,23.5,29.35,NA,31.85714,13.94444,31.83333,48.2,29.69231,36.75,27.30526,19.9375,27.55,NA,47.28571,17.77778,32.5,46.2,29.23077,18,27.49474,20.875,27.5,NA,47.85714,18.22222,31.83333,46,29.69231,16.75,27.73684,21.625,27.7,NA,48.57143,18.77778,31.58333,45.4,29.61538,16.5,28.05263,22.875,27.75,NA,49,19.33333,31.33333,45,29.92308,15.75,28.09474,24.1875,27.8,NA,49,19.61111,30.75,43.8,29.69231,14,28.34737,25.6875,27.8,NA,49.14286,19.83333,30.41667,43.2,29.84615,14,28.55789,26.75,27.9,NA,49.57143,20.27778,29.91667,42.8,29.84615,13.5,28.75789,27.625,28.05,NA,49,20.83333,29.5,42.6,30.15385,13,28.70526,29.0625,28.1,NA,49.28571,21.16667,28.66667,37,30.38462,12.5