Start Date,End Date,Num,Default Ordering,Purple,Blue,Orange,Green,Yellow,Brown,White,Black,Asian,Hispanic,American_Indian,Others,Original Model Ordering,Purple,Blue,Orange,Green,Yellow,Brown,White,Black,Asian,Hispanic,American_Indian,Others,In-cluster Ordering,Purple,Blue,Orange,Green,Yellow,Brown,White,Black,Asian,Hispanic,American_Indian,Others,No-Sanitarian Model Overall,Purple,Blue,Orange,Green,Yellow,Brown,White,Black,Asian,Hispanic,American_Indian,Others,No-Sanitarian Model Incluster,Purple,Blue,Orange,Green,Yellow,Brown,White,Black,Asian,Hispanic,American_Indian,Others,Color Model,Purple,Blue,Orange,Green,Yellow,Brown,White,Black,Asian,Hispanic,American_Indian,Others,Suppressed Sanitarian Model,Purple,Blue,Orange,Green,Yellow,Brown,White,Black,Asian,Hispanic,American_Indian,Others,Baseline Fairlogloss Model-DP-Overall-SanMaj,Purple,Blue,Orange,Green,Yellow,Brown,White,Black,Asian,Hispanic,American_Indian,Others,Baseline Fairlogloss Model-DP-Overall-SanMaj-C0.5,Purple,Blue,Orange,Green,Yellow,Brown,White,Black,Asian,Hispanic,American_Indian,Others,Baseline Fairlogloss Model-EqOpp-Overall-SanMaj,Purple,Blue,Orange,Green,Yellow,Brown,White,Black,Asian,Hispanic,American_Indian,Others,Baseline Zafar c0.001,Purple,Blue,Orange,Green,Yellow,Brown,White,Black,Asian,Hispanic,American_Indian,Others,Baseline Krishnaswamy Preds,Purple,Blue,Orange,Green,Yellow,Brown,White,Black,Asian,Hispanic,American_Indian,Others
2014-09-01,2014-10-31,1665,29.88649,29.24752,28.96507,30.53618,31.41547,30.06426,28.11017,30.61268,30.84253,27.28925,29.2591,32.19704,30.43264,29.88649,2.851485,12.79779,28.78289,41.0086,50.71888,57.79661,27.09073,32.24114,29.42783,34.15038,31.16906,28.09231,29.21321,28.24752,28.96507,29.53618,30.41547,29.06426,27.11017,28.23702,29.03667,28.17543,31.56633,30.31341,29.15499,29.88649,22.54455,25.4375,32.04276,34.14613,30.61847,36.98305,27.60481,30.43801,27.30776,35.1091,28.74655,28.76478,29.21321,28.24752,28.96507,29.53618,30.41547,29.06426,27.11017,27.73908,29.29743,27.52687,32.6964,28.0097,28.80977,29.21321,28.24752,28.96507,29.53618,30.41547,29.06426,27.11017,27.98373,30.18252,29.81933,30.52412,29.52304,28.56153,29.88649,24.38614,26.95404,30.85855,33.53009,30.90361,32.68644,28.49326,29.99288,28.47772,33.07079,31.24435,29.46497,29.88649,5.079208,13.04779,55.26974,32.91404,36.30924,40.84746,26.11177,31.8113,24.83242,38.41412,29.7673,27.24376,29.88649,19.71287,23.22426,39.67434,37.62464,27.40562,26.44068,28.00568,30.91304,27.3856,34.01275,27.33399,28.81911,29.88649,3.227723,12.63603,32.47368,39.55874,49.6747,55.20339,26.58287,32.93343,28.6826,35.06883,30.13333,27.83066,29.88649,31.40594,29.47978,28.52632,32.53295,29.56627,26.81356,30.11179,29.46702,28.15907,30.52051,35.09238,30.27873,29.88649,27.56436,26.45772,32.22697,32.56734,30.21687,33.02542,28.25559,29.53879,28.53088,33.8152,27.04283,29.30341
2014-07-02,2014-08-31,0,NaN,,NA,,,,,NA,,,,,,NaN,,NA,,,,,NA,,,,,,NaN,,NaN,,,,,NaN,NaN,NaN,NaN,NaN,NaN,NaN,,NA,,,,,NA,,,,,,,,NaN,,,,,NA,NA,NA,NA,NA,NA,,,NaN,,,,,NA,NA,NA,NA,NA,NA,NaN,,NA,,,,,NA,,,,,,NaN,,NA,,,,,NA,,,,,,NaN,NA,NA,NA,NA,NA,NA,NA,NA,NA,NA,NA,NA,NaN,,NA,,,,,NA,,,,,,NaN,NA,NA,NA,NA,NA,NA,NA,NA,NA,NA,NA,NA,NaN,NA,NA,NA,NA,NA,NA,NA,NA,NA,NA,NA,NA
2014-05-02,2014-07-01,0,NaN,,NA,,,,,NA,,,,,,NaN,,NA,,,,,NA,,,,,,NaN,,NaN,,,,,NaN,NaN,NaN,NaN,NaN,NaN,NaN,,NA,,,,,NA,,,,,,,,NaN,,,,,NA,NA,NA,NA,NA,NA,,,NaN,,,,,NA,NA,NA,NA,NA,NA,NaN,,NA,,,,,NA,,,,,,NaN,,NA,,,,,NA,,,,,,NaN,NA,NA,NA,NA,NA,NA,NA,NA,NA,NA,NA,NA,NaN,,NA,,,,,NA,,,,,,NaN,NA,NA,NA,NA,NA,NA,NA,NA,NA,NA,NA,NA,NaN,NA,NA,NA,NA,NA,NA,NA,NA,NA,NA,NA,NA
2014-03-02,2014-05-01,1095,19.78721,22.77333,20.01917,19.91781,18.46809,19.75393,19.13761,19.89238,18.69947,20.30508,19.52418,21.80166,19.84042,19.78721,1.72,7.351438,18.0411,24.42021,33.06283,40.18349,17.80678,22.28095,18.82382,21.88568,20.38406,19.50368,19.24475,21.77333,20.01917,18.91781,18.46809,18.75393,18.13761,18.38783,20.20755,18.10556,20.17103,14.91182,17.9236,19.78721,16.34667,17.62939,23.35616,18.67553,19.70157,23.24771,17.7688,22.56995,17.65985,21.85471,13.48119,18.28118,19.24475,21.77333,20.01917,18.91781,18.46809,18.75393,18.13761,17.84648,21.35651,17.79026,20.55585,13.41656,17.83567,19.24475,21.77333,20.01917,18.91781,18.46809,18.75393,18.13761,18.68164,20.88011,18.70831,18.75437,19.36922,18.54868,19.78721,18.09333,18.20447,22.30594,19.06915,19.58115,22.0367,18.54593,21.18815,18.17069,21.24335,14.83885,18.38713,19.78721,1.44,7.146965,38.13699,24.06915,21.22513,21.93578,18.19187,21.74768,17.44956,21.55808,16.71083,19.80902,19.78721,11.41333,15.09585,28.43379,24.98936,18.24084,15.38532,18.83572,21.15052,18.03123,20.57389,16.8036,19.3753,19.78721,1.76,7.364217,21.09589,22.73936,32.77487,37.38532,17.67746,22.87243,18.31089,21.83363,18.86943,19.11342,19.78721,20.92,18.94888,20.16438,17.91489,21.22513,21.36697,19.02225,20.72665,17.26242,21.58067,17.20752,18.78398,19.78721,21.62667,19.80511,19.60274,19.45745,20.50785,18.14679,19.25546,19.71817,20.25939,20.77799,14.83879,19.92681
2013-12-31,2014-03-01,1313,32.74486,33.46154,33.40686,32.76603,32.93947,30.20093,34.928,33.15241,32.26969,31.57774,32.83908,30.2303,32.10691,32.74486,5.064103,11.42157,26.97436,36.21579,50.82243,57.72,28.8264,38.46734,30.28993,37.40083,33.89808,30.44619,31.74638,33.46154,33.40686,29.76603,32.93947,30.20093,31.928,30.6978,33.28205,32.1267,32.61458,30.97867,30.81125,32.74486,28.10256,28.35784,35.17628,30.52632,34.8972,39.792,29.72584,37.06659,31.93216,36.03404,28.74483,30.65273,31.74638,33.46154,33.40686,29.76603,32.93947,30.20093,31.928,29.83676,34.48317,32.19997,33.45264,28.1401,30.34953,31.74638,33.46154,33.40686,29.76603,32.93947,30.20093,31.928,30.437,34.0085,32.41579,32.48826,30.39183,30.54794,32.74486,30.21795,30.73529,35.22756,29.92368,33.74299,38.272,30.90331,35.36166,32.0885,34.8317,31.87032,31.35956,32.74486,4.217949,14.7402,54.91346,32.75526,29.95794,29.336,30.42183,34.5233,28.89152,37.69958,28.37532,31.97958,32.74486,22.55128,28.86275,35.70513,41.44474,27.28505,20.952,33.64778,29.19806,33.36041,33.32712,35.20728,33.81907,32.74486,5.179487,11.28431,30.95833,34.03684,49.88318,56.16,28.5126,38.88775,29.56913,38.0112,33.18038,30.32625,32.74486,31.78205,30.40686,35.35577,29.81053,34.02804,37.368,31.86124,33.9982,30.71867,34.41239,33.93536,32.16037,32.74486,32.66667,31.0049,34.14103,31.06316,33.98598,35.136,31.26403,33.80794,33.47013,34.73927,29.60232,31.787
2013-10-31,2013-12-30,1124,26.98754,23,29.16981,28.38174,26.26693,27.3101,24.26724,26.72873,26.96276,26.39646,26.62444,22.52387,25.91872,26.98754,2.3,6.943396,17.84647,28.3506,40.77003,51.30172,27.48275,22.30837,28.3658,30.37933,18.03,26.07427,26.98754,23,29.16981,28.38174,26.26693,27.3101,24.26724,26.85146,25.76176,26.50881,28.75813,21.73781,26.64638,26.98754,19.8,23.66038,31.79253,21.37849,29.22997,32.49138,24.88404,26.15896,26.65704,32.19444,20.76695,25.80347,26.98754,23,29.16981,28.38174,26.26693,27.3101,24.26724,25.59394,26.24385,26.47125,30.84759,21.83037,26.0927,26.98754,23,29.16981,28.38174,26.26693,27.3101,24.26724,26.45662,28.64565,26.04205,26.04981,22.02361,26.30964,26.98754,20.88571,25.40881,29.13693,23.67729,30.85714,25.9569,26.90446,24.81382,27.4355,29.07965,20.78605,26.60501,26.98754,5.157143,20.61635,41.3278,24.749,27.32056,23.12069,23.61836,29.44251,25.18979,31.63083,17.05393,25.28322,26.98754,19.95714,20.12579,37.70539,28.22311,24.36934,22.17241,25.83356,25.52703,26.97441,29.69777,20.12239,25.30989,26.98754,2.328571,6.861635,22.51037,25.43825,40.01045,49.88793,26.64293,22.75916,28.21752,31.4381,17.95176,25.68049,26.98754,21.61429,29.33333,24.20747,27.28287,30.06969,24.52586,28.94482,24.0496,27.33226,25.85524,19.50602,27.84032,26.98754,22.98571,24.32704,30.25726,24.78088,27.67596,29.32759,26.68741,25.35442,27.75301,28.93035,21.61039,26.73683
2013-08-31,2013-10-30,1401,28.95717,30.77778,28.78409,27.93633,29.99143,28.81646,26.91667,29.47809,26.79169,26.34724,30.55451,25.09996,30.02529,28.95717,1.842593,9.083333,22.07865,33.16286,47.93987,55.42708,29.55668,28.04366,27.28838,29.11453,27.77959,27.78649,28.95717,30.77778,28.78409,27.93633,29.99143,28.81646,26.91667,27.99543,28.88742,29.14008,31.69396,33.24219,27.66504,28.95717,32.86111,29.91288,32.35581,25.37143,26.75949,32.79167,26.19756,31.3131,30.77147,34.19442,34.72087,26.84443,28.95717,30.77778,28.78409,27.93633,29.99143,28.81646,26.91667,26.943,29.88196,30.31283,33.2606,35.34342,27.50129,28.95717,30.77778,28.78409,27.93633,29.99143,28.81646,26.91667,27.78945,30.35965,28.90216,31.34843,31.32918,28.39852,28.95717,33.00926,28.98864,30.82397,26.48286,28.33228,30.19792,27.63898,29.59898,29.54151,31.98382,33.61649,27.39558,28.95717,8.888889,30.52273,40.94757,25.29714,26.19937,36.30208,26.59641,31.74064,30.71832,32.97485,24.00813,25.96153,28.95717,14.39815,26.96212,37.8427,36.47143,24.34177,13.90625,27.87532,27.80578,30.66445,31.84425,23.69073,27.16696,28.95717,1.87037,9.015152,27.85768,30.87429,46.83544,51.48958,28.75168,28.35572,28.06797,30.7474,27.9815,26.98963,28.95717,26.53704,31.06061,28.31835,27.38857,29.07278,33.01042,28.68351,30.43828,25.77551,30.92524,28.36252,28.18543,28.95717,27.21296,32.41288,30.51311,25.9,27.85443,31.86458,26.52829,31.04968,29.74816,34.08719,33.18166,27.38845
2013-07-01,2013-08-30,1232,32.11282,30.23077,30.84951,31.1087,32.52766,33.71692,32.62879,32.53548,33.23489,33.03066,30.63506,27.14338,31.22868,32.11282,3.615385,13.17961,24.98261,34.41702,46.55385,56.87879,31.84794,27.86389,34.27175,34.56808,29.45062,30.58677,32.11282,30.23077,30.84951,31.1087,32.52766,33.71692,32.62879,31.54943,32.13474,32.64077,33.1761,35.2845,31.29442,32.11282,29.48077,28.83981,36.36087,30.60426,30.79077,37.83333,30.57153,31.15322,32.53474,35.77711,32.27809,30.5561,32.11282,30.23077,30.84951,31.1087,32.52766,33.71692,32.62879,31.24851,31.02247,32.32058,34.68995,32.99979,30.66632,32.11282,30.23077,30.84951,31.1087,32.52766,33.71692,32.62879,31.07005,34.24956,32.07767,32.72585,38.14827,30.68546,32.11282,31.59615,27.8835,35.56957,31.44681,32.66154,32.93182,31.29683,31.84265,33.09311,33.50843,34.28318,31.01824,32.11282,6.913462,11.65049,55.12174,30.22128,37.12308,34.84091,30.45391,30.53554,35.26209,34.5534,26.01289,30.36484,32.11282,19.81731,35.04369,41.46522,38.8,27.00923,21.59091,31.6626,32.57153,31.17392,32.73685,31.58322,31.92556,32.11282,4.009615,13.00485,29.60435,32.7234,45.94462,53.30303,31.511,28.08726,34.11478,35.09446,29.38644,30.47884,32.11282,29.13462,29.91262,32.99565,31.38723,33.53538,34.14394,31.10013,34.11456,31.07187,33.98605,34.15757,31.80157,32.11282,28.31731,30.86408,36.5,30.8383,30.46154,35.74242,30.90615,29.73791,32.35669,35.60971,29.65257,31.23159
2013-05-01,2013-06-30,1384,29.55708,28.72043,29.05575,28.91818,28.80282,31.8,30.17143,29.50936,31.49301,29.64295,28.23963,28.17466,30.11705,29.55708,2.236559,10.72822,24.4697,35.21831,47.168,55.36429,29.1936,27.37705,28.48148,32.02987,28.36771,28.08576,29.48988,27.72043,29.05575,28.91818,28.80282,31.8,30.17143,28.96612,28.16862,29.41526,31.21406,29.85652,29.18434,29.55708,26.32258,28.50174,33.43333,26.71479,28.544,32.30714,27.541,29.0077,28.37634,33.42668,25.22216,27.86431,29.48988,27.72043,29.05575,28.91818,28.80282,31.8,30.17143,28.41003,27.56364,29.3815,32.51963,26.12458,28.63762,29.48988,27.72043,29.05575,28.91818,28.80282,31.8,30.17143,29.63052,26.54505,30.56769,30.99091,32.73248,29.09682,29.55708,29.73118,27.87456,31.91818,27.84155,31.236,27.80714,28.66556,28.60943,29.64949,31.53705,29.45156,29.08173,29.55708,7.623656,19.98955,41.78485,25.84859,34.876,32.94286,28.23619,28.56169,27.88037,32.91537,27.5216,26.95308,29.55708,14.6129,28.41463,37.52727,33.20423,26.404,21.27143,28.52584,28.39041,26.61798,32.89992,32.63458,27.6964,29.55708,2.204301,10.72125,27.63333,32.96479,47.624,51.7,28.6209,27.85746,28.34975,32.62476,28.34939,27.66231,29.55708,32.47312,28.43206,29.97273,28.66197,30.792,28.55714,28.1018,32.52313,28.66381,29.98482,32.4042,29.0727,29.55708,28.49462,29.52962,32.48182,26.17254,29.644,30.13571,28.50712,27.00476,30.18862,32.74664,24.4375,28.81412
2013-03-01,2013-04-30,1350,30.98815,32.625,33.69767,30.33212,30.81597,29.46753,30.05634,31.55454,29.22412,29.71914,31.81189,28.74446,31.19147,30.98815,4.675,11.37984,23.68248,33.49306,46.45455,56.90845,31.36537,30.53084,29.68589,31.47166,27.64081,27.95648,27.8,28.625,29.69767,30.33212,26.81597,25.46753,26.05634,26.22859,29.08387,27.92174,28.64634,28.40035,27.89946,30.98815,22.575,28.48837,33.24818,29.55903,29.8961,41.17606,28.34174,33.43843,28.41162,33.59065,28.11342,29.36465,27.8,28.625,29.69767,30.33212,26.81597,25.46753,26.05634,25.40014,28.88195,26.69506,30.47854,26.73176,27.36086,27.8,28.625,29.69767,30.33212,26.81597,25.46753,26.05634,27.99876,27.03702,28.6458,27.25156,28.56416,28.11224,30.98815,27.5375,28.36434,32.18248,29.44792,32.28896,35.69718,29.65892,32.32327,30.88857,31.59201,30.8229,30.51111,30.98815,18.75,13.57364,51.47445,28.375,30.7987,35.70423,28.22574,33.84479,28.71241,33.34404,26.11113,28.13134,30.98815,20.5,28.8876,38.87956,37.14583,26.84091,21.99296,30.24576,30.71034,29.0856,32.36443,25.86265,30.97677,30.98815,4.7125,11.34496,27.78102,31.375,45.83442,54.6831,30.66551,31.37189,29.3737,31.80815,27.44555,27.90392,30.98815,33.225,30.34884,28.03285,30.875,34.20779,29.83803,30.05647,32.96129,32.94123,30.08619,32.98639,31.09708,30.98815,28.025,30.60465,32.28832,30.24306,29.85714,34.80986,30.26452,31.29012,29.99914,32.34972,30.32841,30.41737
2012-12-30,2013-02-28,1131,30.30592,27.57576,30.77487,32.26066,30.90291,29.30233,27.72917,30.23785,31.51283,29.99343,29.76614,29.38827,30.52074,30.30592,2.348485,8.335079,19.83886,31.94175,49.97674,58.11458,29.95305,28.27563,29.4798,32.52704,36.46573,27.39109,29.79929,27.57576,27.77487,32.26066,30.90291,29.30233,27.72917,28.44339,28.07513,30.12939,32.53886,29.21189,29.41802,30.30592,20.22727,27.02618,33.67773,28.589,31.32171,39.14583,27.02872,31.23927,28.18137,35.18533,28.30827,28.00605,29.79929,27.57576,27.77487,32.26066,30.90291,29.30233,27.72917,27.03952,29.38815,28.65932,34.39536,26.91568,28.43096,29.79929,27.57576,27.77487,32.26066,30.90291,29.30233,27.72917,29.70955,28.1145,30.91782,30.3218,30.06572,30.2566,30.30592,22.78788,26.98429,32.01422,30.64725,31.74031,33.375,28.82517,28.81914,30.28123,33.23079,30.44428,29.38601,30.30592,35.19697,17.26178,44.85782,29.7411,26.46124,33.0625,28.94828,29.94637,30.87337,32.2415,27.83019,29.01721,30.30592,17.28788,26.71204,36.97156,40.39159,23.5,17.58333,29.31603,26.73092,29.78621,34.06362,24.04288,28.69955,30.30592,2.272727,8.371728,25.12322,30.45631,48.47674,55.29167,28.93706,28.81539,29.19705,33.76493,35.44166,26.96048,30.30592,21.89394,29.73822,28.25118,33.99676,31.29457,27.19792,30.40706,28.87279,31.02827,30.65807,27.88574,31.01071,30.30592,25.63636,31.02618,30.94787,25.26861,33.14341,39.26042,28.88894,33.4834,29.90072,30.67406,30.0473,30.06282
2012-10-30,2012-12-29,896,27.68862,29.69697,29.20721,27.38172,24.90265,33.86061,23.23239,28.43417,26.63746,30.02859,26.07119,24.06275,27.05642,27.68862,1.181818,6.828829,17.92473,29.08407,41.00606,51.40845,24.70989,28.54781,28.8327,32.05384,32.76245,24.97443,27.68862,29.69697,29.20721,27.38172,24.90265,33.86061,23.23239,27.40996,22.30115,29.26545,30.42685,27.93118,28.54248,27.68862,17.81818,23.69369,32.56452,24.34956,27.27273,34.80986,24.1012,25.81825,27.54848,35.14318,29.59704,25.15071,27.68862,29.69697,29.20721,27.38172,24.90265,33.86061,23.23239,26.2725,22.86077,29.32332,32.16012,28.01103,27.10002,27.68862,29.69697,29.20721,27.38172,24.90265,33.86061,23.23239,27.78959,23.21959,28.8801,29.45658,27.15678,28.17275,27.68862,17.39394,25.93694,31.51613,25.50885,28.69091,31.1338,25.65185,24.79812,28.19396,32.63237,29.25237,26.97308,27.68862,1.257576,6.72973,49.79032,25.64602,28.44242,29.78169,23.24608,32.88895,28.80388,32.40713,29.34461,22.15201,27.68862,19.77273,28.18018,32.7043,34.30973,23.78788,18.40845,27.81517,26.63057,28.4704,27.7139,26.02451,27.9697,27.68862,1.242424,6.810811,23.13441,25.94248,40.95152,49.6338,24.23267,29.32697,27.67596,32.971,29.99806,24.48886,27.68862,20.69697,32.72973,27.56452,24.10619,32.23636,27.57746,27.23667,27.9331,26.26658,28.85818,25.52274,28.62474,27.68862,23.71212,27.90991,28.65054,22.84071,28.64242,34.71127,26.41646,27.18784,25.0958,31.21835,30.65506,27.80065
2012-08-30,2012-10-29,953,31.45016,29.56,29.09677,32.74286,31.0625,28.31646,35.27778,30.26813,31.70562,30.39283,32.7282,31.95047,32.27775,31.45016,4.08,11.91935,22.67755,38.35855,49.25316,56.19048,28.67991,32.69817,32.9006,34.78011,25.8976,27.84921,31.45016,29.56,29.09677,32.74286,31.0625,28.31646,35.27778,30.01678,28.42961,30.65587,35.48735,28.14718,31.06626,31.45016,21.10667,27.62097,35.24898,29.88816,30.89873,38.10317,28.2238,29.76552,30.12428,37.61643,25.55697,30.1651,31.45016,29.56,29.09677,32.74286,31.0625,28.31646,35.27778,29.27298,28.22513,30.74952,36.92363,26.66213,30.97849,31.45016,29.56,29.09677,32.74286,31.0625,28.31646,35.27778,30.8436,26.22033,30.68162,36.04216,24.55449,31.21568,31.45016,24.73333,27.26613,34.25306,31.10197,30.70886,35.42063,29.55559,29.00471,30.59343,35.80658,27.332,30.70002,31.45016,6.733333,13.04032,51.43265,27.52632,37.81013,30.90476,26.23631,36.14996,27.69019,36.55216,19.24994,26.812,31.45016,17.05333,27.6129,38.17143,38.05921,24.48101,19.15079,30.12791,30.28498,32.61344,33.79301,26.96053,29.79719,31.45016,4.226667,11.85484,28.10204,34.51974,49,55.03968,27.46323,34.13548,31.14846,35.82563,23.08261,27.28988,31.45016,29.10667,29.29839,32.24082,29.81908,33.75949,35.9127,29.75344,34.33654,28.55422,32.67008,29.02841,30.18176,31.45016,25.34667,33.54032,35.14286,26.58224,29.34177,38.9127,28.30708,31.45052,28.58737,36.50232,25.2577,31.27888
2012-06-30,2012-08-29,826,32.7385,25.6,31.35772,35.7868,33.03279,33.06667,31.54701,31.69256,33.30973,32.07796,34.3007,30.95047,33.47712,32.7385,2.490909,11.46341,25.60406,39.01639,48.78889,55.89744,31.08664,33.40205,36.19738,33.6568,31.98888,31.43184,32.26998,25.6,31.35772,35.7868,33.03279,30.06667,30.54701,31.3525,30.70743,32.95863,34.71611,29.12592,31.18887,32.7385,23.14545,30.10569,35.86294,29.56557,32.91111,41.23932,30.33621,32.31402,31.81372,37.69507,28.2985,30.18987,32.26998,25.6,31.35772,35.7868,33.03279,30.06667,30.54701,30.94992,30.06942,32.43327,36.1489,30.06072,30.24095,32.26998,25.6,31.35772,35.7868,33.03279,30.06667,30.54701,31.47114,30.14475,31.86719,35.37747,29.51629,31.26271,32.7385,24.94545,30.69919,34.6599,30.79508,32.85556,39.2735,31.27039,32.02936,32.97728,35.74105,28.82962,31.19292,32.7385,3.036364,11.68293,53.37056,28.9959,35.42222,39.83761,28.97781,38.08625,29.37188,37.04105,24.90806,29.27796,32.7385,18.92727,28.56911,42.6802,37.69262,27.46667,20.59829,32.58355,32.99791,33.0131,32.77269,28.01047,32.09848,32.7385,2.6,11.58537,30.59391,35.44672,48.75556,54.78632,30.16815,35.17366,34.88812,34.59176,29.53055,30.58449,32.7385,27.8,37.78862,33.69543,29.06148,29.43333,38.35043,29.9484,37.73043,30.23931,35.13346,30.27019,30.84789,32.7385,23.23636,34.47967,35.24873,28.55738,30.32222,41.7265,29.81016,34.04014,28.90896,38.59124,30.30958,30.28857
2012-04-30,2012-06-29,932,29.99678,33.16,27.33588,30.67532,27.20209,35.12195,32.66667,29.19422,30.2089,29.08632,31.91297,24.69809,29.25306,29.99678,2.186667,8.862595,22.58874,36.77352,46.41463,55.98413,29.04827,29.56385,30.00195,32.23563,21.83896,28.09566,29.78112,32.16,27.33588,30.67532,27.20209,35.12195,31.66667,28.49108,31.38363,28.48949,31.66366,24.81584,29.75334,29.99678,22.50667,27.1145,32.671,27.42509,25.92683,41.05556,27.56437,32.56763,24.962,34.95868,20.56699,28.6214,29.78112,32.16,27.33588,30.67532,27.20209,35.12195,31.66667,27.76297,31.10571,26.56511,33.9498,21.33814,29.19285,29.78112,32.16,27.33588,30.67532,27.20209,35.12195,31.66667,29.58388,27.83174,31.11667,30.64573,28.92257,30.10255,29.99678,25.8,26.0916,32.06926,29.16725,25.5,37.57143,28.55324,32.08418,27.29283,32.46811,24.86785,29.14901,29.99678,6.32,22.37405,42.06494,26.62369,31.85366,36.36508,28.57302,31.26567,27.92762,32.77657,22.32547,28.41739,29.99678,18.08,24.74809,34.68831,37.28571,25.93902,19.98413,29.94886,28.38138,31.42762,30.63268,24.72526,28.40685,29.99678,2.373333,8.885496,27.16883,33.65157,45.84146,54.93651,28.38937,30.88535,28.82464,33.14386,21.39073,27.75628,29.99678,31.46667,29.71756,32.63203,29.01045,23.2439,31.22222,28.3572,34.68619,26.78766,31.53186,30.33966,29.83314,29.99678,22.36,30.54198,33.94372,26.09408,25.52439,38.53968,26.88656,33.67912,23.63754,36.077,19.31981,28.98959
2012-02-29,2012-04-29,968,27.26963,27.70513,25.79518,25.12121,28.42587,29.5,27.90244,28.20444,26.78268,29.7802,26.13933,29.43245,27.2191,27.26963,1.525641,8.63253,17.5101,33.33438,46.72093,55.22764,26.96285,22.6622,27.32606,31.47522,23.31257,26.55349,27.26963,27.70513,25.79518,25.12121,28.42587,29.5,27.90244,26.13287,26.30647,26.83772,28.43171,24.32405,26.57283,27.26963,19.55128,26.78313,31.67172,23.84543,26.97674,34.76423,24.353,28.04529,24.70878,30.74511,21.66758,24.98194,27.26963,27.70513,25.79518,25.12121,28.42587,29.5,27.90244,25.31173,26.99034,25.86828,30.00857,20.80819,25.82218,27.26963,27.70513,25.79518,25.12121,28.42587,29.5,27.90244,25.61768,27.50899,25.52099,28.28681,29.68265,27.14264,27.26963,24.58974,25.92169,31.01515,25.5205,25.65116,30.39837,25.66912,26.80752,26.20544,28.65695,24.71981,26.20798,27.26963,17.33333,31.34337,35.43939,22.98738,24.96512,27.56911,25.9187,28.16125,26.59432,27.26327,27.93234,25.67647,27.26963,13.41026,23.16265,33.10606,35.66246,22.73256,13.74797,26.77979,24.74098,28.30008,28.75224,25.24083,26.82707,27.26963,1.705128,8.596386,25.36364,29.08517,47.04651,53.2439,26.09307,23.06583,26.8384,31.9852,22.25315,25.87763,27.26963,29.88462,27.55422,27.52525,28.37539,23.10465,24.87805,26.20409,29.84463,26.04121,28.66445,27.18646,27.15765,27.26963,30.5641,27.42169,28.68687,24.59937,25.72093,30.65854,25.17013,28.26554,23.03544,31.81774,27.29894,26.30643
2011-12-30,2012-02-28,815,25.9681,29.35821,24.0365,27.59777,26.38017,23.7,24.4,26.66821,23.43843,27.67783,26.34452,29.32643,25.86105,25.9681,1.38806,6.678832,20.00559,31.1281,41.8375,51.77273,24.4742,21.94547,25.4183,30.76282,25.27292,23.86512,25.88589,28.35821,24.0365,27.59777,26.38017,23.7,24.4,24.54713,27.78331,23.7737,26.94892,29.78819,23.70602,25.9681,18.70149,26.10949,27.82123,21.96694,25.3125,36.48182,23.05177,28.74963,21.48402,29.0636,25.14746,22.96119,25.88589,28.35821,24.0365,27.59777,26.38017,23.7,24.4,24.09586,27.80894,22.20931,27.9188,26.65914,23.32072,25.88589,28.35821,24.0365,27.59777,26.38017,23.7,24.4,24.11188,28.65534,24.72886,26.60945,27.59037,24.72342,25.9681,23.19403,24.43796,27.8324,23.74793,23.875,32.93636,24.08595,27.93176,23.38935,27.78423,28.33504,23.74315,25.9681,5.447761,22.93431,40.2514,24.56198,25.7875,22.22727,24.80524,26.69017,24.93336,27.24298,23.56104,25.28702,25.9681,13.70149,21.69343,27.21229,32.54545,32.225,17.71818,26.02136,25.45145,26.99004,26.03466,25.03488,25.39599,25.9681,1.462687,6.781022,24.15084,28.28926,42.5,50.61818,23.96955,22.83365,24.66336,31.01013,24.23174,23.59571,25.9681,27.91045,26.13869,26.79888,26.06612,22.525,25.50909,24.68649,27.85637,24.77925,26.65584,29.17847,24.97035,25.9681,25.01493,27.14599,26.07821,23.78512,28.825,27.62727,23.86835,28.64453,23.38625,27.49078,21.89306,25.41069
2011-10-30,2011-12-29,874,25.06865,20.64103,26,24.6,24.53804,28.1,27.84259,24.92748,23.05417,25.05748,25.19391,28.96872,24.82432,25.06865,0.4615385,4.226891,15.68636,31.98913,42.9,49.14815,26.50535,19.6299,26.22272,26.25502,22.32664,24.05694,25.04577,20.64103,26,24.6,24.53804,27.1,27.84259,24.51822,23.26165,24.62246,27.24815,22.79533,24.63997,25.06865,12.48718,27.57143,28.55909,21.26359,24,32.90741,22.94087,24.42093,21.3509,30.05851,23.46586,23.91361,25.04577,20.64103,26,24.6,24.53804,27.1,27.84259,23.91411,23.37704,22.93806,28.85144,23.57894,24.06228,25.04577,20.64103,26,24.6,24.53804,27.1,27.84259,24.30116,24.8447,25.07681,25.24392,27.65384,24.01867,25.06865,15.64103,25.61345,26.75,23.94022,17.95,29.61111,24.13132,23.46084,23.96642,27.89342,23.10763,24.44021,25.06865,0.4615385,27.41176,43.09091,18.61957,26.35,16.39815,21.68591,28.60973,19.24294,29.03486,26.98901,22.32229,25.06865,9.282051,18.19328,28.05,30.43207,14.6,15.93519,25.99576,22.5128,24.3035,24.94446,25.63662,24.05231,25.06865,0.4615385,4.285714,23.22727,27.64402,40.85,48.90741,24.86094,21.63966,23.42605,28.20205,21.71184,23.07141,25.06865,20.61538,28.89916,24.53636,24.59239,19.3,26.23148,24.8429,25.23747,25.73414,25.86761,27.53794,25.30174,25.06865,19.02564,33.42017,26.94545,20.02717,34.5,29.65741,22.25263,28.79683,22.04316,29.17849,26.11823,24.62375
2011-08-30,2011-10-29,822,31.42701,26.36957,33.92373,32.64854,30.74006,28.1875,30.40789,30.41457,32.83857,30.60669,31.84874,36.31707,31.89152,31.42701,3.369565,10.5339,22.87866,42.55963,53.5,55.18421,33.09587,25.16555,34.90767,31.89857,31.61637,32.2534,31.23236,26.36957,33.92373,32.64854,30.74006,18.1875,30.40789,30.48533,30.59325,32.15373,32.25518,28.22694,31.83574,31.42701,25.80435,29.31356,35.68619,27.1896,42,40.72368,28.82018,32.19809,29.97871,35.37017,26.94822,30.31621,31.23236,26.36957,33.92373,32.64854,30.74006,18.1875,30.40789,29.35966,31.62143,30.57965,34.07528,NA,30.37127,31.23236,26.36957,33.92373,32.64854,30.74006,18.1875,30.40789,31.14602,31.74193,31.35575,30.20872,NA,31.01702,31.42701,29.13043,28.4322,33.52301,30.15902,29.5,36.73684,30.66274,30.00504,32.51535,32.92452,28.95529,31.95122,31.42701,3.391304,10.63559,51.43096,26.10092,44.875,37.85526,28.65197,30.27006,26.86498,37.56947,29.68915,29.73538,31.42701,15.28261,28.13559,38.18828,33.22018,25.0625,18.67105,30.0718,30.64091,29.99045,34.03839,25.52415,29.36098,31.42701,3.434783,10.51695,30.3682,37.13761,54.125,54.81579,31.44626,26.10708,32.66204,34.35437,29.32488,31.05816,31.42701,28.67391,39.35593,33.77406,26.89297,33.875,32.39474,30.06643,35.52873,30.45257,31.63674,30.77845,32.4456,31.42701,24.56522,34.60169,37.66527,23.47095,38.1875,43.84211,27.74618,34.97942,26.69159,36.79591,26.32948,29.88689
,,,,,,,,,,,,,,,,,,,,,,,,,,,,,,,,,,,,,,,,,,,,,,,,,,,,,,,,,,,,,,,,,,,,,,,,,,,,,,,,,,,,,,,,,,,,,,,,,,,,,,,,,,,,,,,,,,,,,,,,,,,,,,,,,,,,,,,,,,,,,,,,,,,,,,,,,,,,,,
,,,,,,,,,,,,,,,,,,,,,,,,,,,,,,,,,,,,,,,,,,,,,,,,,,,,,,,,,,,,,,,,,,,,,,,,,,,,,,,,,,,,,,,,,,,,,,,,,,,,,,,,,,,,,,,,,,,,,,,,,,,,,,,,,,,,,,,,,,,,,,,,,,,,,,,,,,,,,,
,,,29.5717175,28.60810688,29.46603875,29.924635,29.37167688,30.0332325,29.25528625,29.6008075,29.3941925,29.29404813,29.64183813,28.70052438,29.587615,29.5717175,2.601113031,9.563448438,22.09573813,34.753235,46.926595,55.02029688,28.74246875,28.0451825,29.94364,32.17248313,27.98862438,27.84371563,29.17061375,28.10810688,29.02853875,29.674635,29.05917688,28.8457325,28.63028625,28.24519438,28.4497975,29.05095188,31.08664313,28.38624813,28.71121313,29.5717175,22.68969438,27.4085725,33.0108225,27.02396188,29.83477188,37.03784438,26.955415,30.230915,27.88396188,34.1351575,26.75936,27.75978438,29.17061375,28.10810688,29.02853875,29.674635,29.05917688,28.8457325,28.63028625,27.44691938,28.6763375,28.38961875,32.64857813,26.88091267,28.05861313,29.17061375,28.10810688,29.02853875,29.674635,29.05917688,28.8457325,28.63028625,28.49628938,28.70686375,29.28851875,30.22322375,29.190352,28.72651188,29.5717175,25.3487325,27.34953938,31.83439813,28.30864188,29.155895,33.1254025,28.24791813,29.21771,29.16185563,32.04634188,28.61992125,28.6987375,29.5717175,8.488030219,17.97216188,47.035535,26.93519938,31.53451125,31.69347875,26.91922063,31.40801125,27.73684125,33.35382375,25.66750688,27.1634425,,,,,,,,,,,,,,29.5717175,2.706990906,9.5347815,27.253195,31.82151188,46.4596,53.10626813,27.92798688,28.88973375,29.10622063,33.16511438,26.96209813,27.3471875,,,,,,,,,,,,,,,,,,,,,,,,,,
,,,2.387683572,3.480357966,2.842473525,3.015684744,2.800790279,2.906332537,3.625784691,2.223278182,3.366628104,2.207988989,2.885784711,3.473913427,2.626883978,2.387683572,1.278106766,2.529663502,3.70165345,4.0475681,3.721761211,2.669749242,2.454572979,4.926438044,3.11967651,2.54002561,4.99305861,2.452471367,2.243803146,3.198445076,2.60033714,2.911401233,2.798356202,4.148759551,3.360397044,2.223540428,2.98185961,2.736766602,2.508359793,3.5772967,2.405303734,2.387683572,4.983627146,1.942559498,2.430380382,3.743853891,4.350853054,3.335537249,2.469402738,3.185987551,3.425632222,2.513503218,3.948480069,2.527482857,2.243803146,3.198445076,2.60033714,2.911401233,2.798356202,4.148759551,3.360397044,2.28373565,2.955052177,3.132757249,2.509519771,4.035614497,2.338244925,2.243803146,3.198445076,2.60033714,2.911401233,2.798356202,4.148759551,3.360397044,2.401259513,3.013817348,2.611891882,3.081045764,3.609591402,2.262134133,2.387683572,4.834639693,1.812989612,2.506719812,3.110520007,4.133785323,3.841019426,2.387599558,3.181997217,2.98242024,2.550848307,3.71217884,2.528701274,2.387683572,8.682066799,7.389534717,6.450043489,3.618706871,5.688440131,6.755119115,2.591829937,3.076813573,3.449705363,3.525052524,3.682912092,2.70694347,,,,,,,,,,,,,,2.387683572,1.318802972,2.484393359,3.079912121,3.954834009,3.817208986,2.376329667,2.397708104,4.927048288,3.027820432,2.357772604,4.729830151,2.442511105,,,,,,,,,,,,,,,,,,,,,,,,,,
,,,0.596920893,0.8700894916,0.7106183812,0.7539211859,0.7001975697,0.7265831342,0.9064461728,0.5558195454,0.8416570261,0.5519972472,0.7214461778,0.8684783568,0.6567209945,0.596920893,0.3195266916,0.6324158754,0.9254133624,1.011892025,0.9304403028,0.6674373105,0.6136432448,1.231609511,0.7799191276,0.6350064026,1.248264653,0.6131178417,0.5609507866,0.7996112691,0.6500842849,0.7278503083,0.6995890506,1.037189888,0.840099261,0.555885107,0.7454649025,0.6841916505,0.6270899481,0.8943241749,0.6013259334,0.596920893,1.245906787,0.4856398744,0.6075950955,0.9359634727,1.087713263,0.8338843123,0.6173506845,0.7964968876,0.8564080555,0.6283758045,0.9871200172,0.6318707143,0.5609507866,0.7996112691,0.6500842849,0.7278503083,0.6995890506,1.037189888,0.840099261,0.5709339125,0.7387630443,0.7831893121,0.6273799428,1.041991183,0.5845612311,0.5609507866,0.7996112691,0.6500842849,0.7278503083,0.6995890506,1.037189888,0.840099261,0.6003148783,0.753454337,0.6529729704,0.7702614411,0.9319924923,0.5655335332,0.596920893,1.208659923,0.4532474029,0.626679953,0.7776300018,1.033446331,0.9602548566,0.5968998896,0.7954993042,0.7456050599,0.6377120767,0.9280447101,0.6321753185,0.596920893,2.1705167,1.847383679,1.612510872,0.9046767178,1.422110033,1.688779779,0.6479574842,0.7692033933,0.8624263407,0.881263131,0.9207280229,0.6767358675,,,,,,,,,,,,,,0.596920893,0.329700743,0.6210983399,0.7699780301,0.9887085022,0.9543022466,0.5940824168,0.5994270259,1.231762072,0.756955108,0.589443151,1.182457538,0.6106277763,,,,,,,,,,,,,,,,,,,,,,,,,,